Title,Year,Available,Available On,Match Type
Parasite,2019,False,—,None
1917,2019,True,"TheBox, JeSTeRPLeX, Z'Films",Title+Year
(500) Days of Summer,2009,True,"TheBox, JeSTeRPLeX",Fuzzy
Okja,2017,False,—,None
10 Things I Hate About You,1999,True,"JeSTeRPLeX, Z'Films",Title+Year
28 Days Later,2002,True,TheBox,Title+Year
Almost Famous,2000,True,RipItGood,Title+Year
Chernobyl,2019,False,—,None
Zombieland: Double Tap,2019,False,—,None
Moneyball,2011,True,JeSTeRPLeX,Title+Year
Steve Jobs,2015,False,—,None
She's the Man,2006,True,"RipItGood, JeSTeRPLeX, Z'Films",Title+Year
O.J.: Made in America,2016,False,—,None
Nathan for You: Finding Frances,2017,False,—,None
Pink Floyd: Live at Pompeii,1972,False,—,None
The Salt of the Earth,2014,False,—,None
American Movie,1999,False,—,None
Senna,2010,True,TheBox,Title+Year
Hearts of Darkness: A Filmmaker's Apocalypse,1991,False,—,None
News from Home,1976,False,—,None
Paradise Lost: The Child Murders at Robin Hood Hills,1996,False,—,None
For All Mankind,1989,False,—,None
Faces Places,2017,False,—,None
Stalker,1979,True,TheBox,Title+Year
La Haine,1995,False,—,None
Howl's Moving Castle,2004,True,"RipItGood, TheBox, JeSTeRPLeX, Z'Films",Title+Year
Le Samouraï,1967,False,—,None
Das Boot,1981,False,—,None
PlayTime,1967,False,—,None
The Man Who Sleeps,1974,False,—,None
Electric Dreams,1984,False,—,None
Valley Girl,1983,True,"RipItGood, TheBox",Title+Year
Hands on a Hardbody: The Documentary,1997,True,TheBox,Title+Year
HyperNormalisation,2016,False,—,None
Ron's Gone Wrong,2021,True,JeSTeRPLeX,Title+Year
Threads,1984,False,—,None
Johnny Got His Gun,1971,False,—,None
Pontypool,2008,False,—,None
Blood Diamond,2006,True,"RipItGood, TheBox",Title+Year
Swiss Army Man,2016,True,TheBox,Title+Year
Multiplicity,1996,True,"RipItGood, TheBox, JeSTeRPLeX",Title+Year
The Sting,1973,True,JeSTeRPLeX,Title+Year
A Cry in the Dark,1988,False,—,None
The Green Knight,2021,True,TheBox,Title+Year
Mulholland Drive,2001,True,TheBox,Title+Year
Beaches,1988,True,RipItGood,Title+Year
The English Patient,1996,False,—,None
Obit,2016,False,—,None
Kiss Kiss Bang Bang,2005,True,"RipItGood, TheBox",Title+Year
Harlem Nights,1989,False,—,None
Some Kind of Wonderful,1987,False,—,None
The Naked Gun: From the Files of Police Squad!,1988,True,"RipItGood, TheBox",Title+Year
Waterworld,1995,True,"TheBox, JeSTeRPLeX",Title+Year
The Machinist,2004,True,TheBox,Title+Year
Over the Garden Wall,2014,False,—,None
Three Colours: Blue,1993,True,TheBox,Fuzzy
Rounders,1998,False,—,None
Cocoon,1985,True,JeSTeRPLeX,Title+Year
Fame,1980,True,JeSTeRPLeX,Title+Year
Loving Vincent,2017,False,—,None
Queen of Katwe,2016,False,—,None
Let Him Have It,1991,False,—,None
Fear and Loathing in Aspen,2021,False,—,None
Nausicaä of the Valley of the Wind,1984,True,"RipItGood, Z'Films",Title+Year
Castle in the Sky,1986,True,Z'Films,Title+Year
Porco Rosso,1992,True,"RipItGood, Z'Films",Title+Year
Pom Poko,1994,False,—,None
Whisper of the Heart,1995,True,TheBox,Title+Year
The Secret World of Arrietty,2010,True,"JeSTeRPLeX, Z'Films",Title+Year
The Wind Rises,2013,True,"TheBox, Z'Films",Title+Year
The Tale of The Princess Kaguya,2013,False,—,None
Being John Malkovich,1999,True,TheBox,Title+Year
Enemy,2013,False,—,None
Sophie's Choice,1982,False,—,None
Midnight in the Garden of Good and Evil,1997,False,—,None
This Film Is Not Yet Rated,2006,True,TheBox,Title+Year
Babylon,2022,True,TheBox,Title+Year
Pig,2021,False,—,None
Don't Be a Menace to South Central While Drinking Your Juice in the Hood,1996,True,TheBox,Title+Year
The Summit of the Gods,2021,False,—,None
"The Good, the Bad and the Ugly",1966,True,"RipItGood, TheBox, JeSTeRPLeX",Title+Year
The Perks of Being a Wallflower,2012,True,JeSTeRPLeX,Title+Year
Requiem for a Dream,2000,True,RipItGood,Title+Year
Sound of Metal,2019,True,TheBox,Fuzzy
Marvin's Room,1996,False,—,None
The Brave Little Toaster,1987,True,"TheBox, JeSTeRPLeX",Title+Year
Riddick,2013,False,—,None
The Illusionist,2006,True,"JeSTeRPLeX, Z'Films",Title+Year
The Ides of March,2011,False,—,None
3 Men and a Baby,1987,False,—,None
The Polka King,2017,False,—,None
Road to Perdition,2002,False,—,None
Worth,2020,True,TheBox,Fuzzy
Seabiscuit,2003,True,"JeSTeRPLeX, Z'Films",Title+Year
Get on Up,2014,False,—,None
All Quiet on the Western Front,2022,True,TheBox,Title+Year
White Boy,2017,False,—,None
The Ballad of Buster Scruggs,2018,True,"TheBox, Z'Films",Title+Year
Beasts of No Nation,2015,True,TheBox,Title+Year
Roma,2018,True,TheBox,Title+Year
I'm Thinking of Ending Things,2020,False,—,None
Touching the Void,2003,True,TheBox,Title+Year
Women Talking,2022,False,—,None
The Unbearable Weight of Massive Talent,2022,True,TheBox,Title+Year
The Man from U.N.C.L.E.,2015,True,"TheBox, JeSTeRPLeX",Title+Year
The Card Counter,2021,True,TheBox,Title+Year
The Fabelmans,2022,True,"TheBox, JeSTeRPLeX",Title+Year
Clue,1985,True,"TheBox, JeSTeRPLeX, Z'Films",Title+Year
Blinded by the Light,2019,True,JeSTeRPLeX,Title+Year
Fire of Love,2022,True,"TheBox, JeSTeRPLeX",Title+Year
Punch-Drunk Love,2002,True,TheBox,Title+Year
Wall Street,1987,False,—,None
The Magnificent Seven,2016,True,"JeSTeRPLeX, Z'Films",Title+Year
The Magnificent Seven,1960,True,JeSTeRPLeX,Title+Year
The Sisterhood of the Traveling Pants,2005,True,JeSTeRPLeX,Title+Year
Deception,2008,True,RipItGood,Title+Year
Swordfish,2001,True,RipItGood,Title+Year
WNUF Halloween Special,2013,False,—,None
I Am Trying to Break Your Heart: A Film About Wilco,2002,False,—,None
New Jack City,1991,False,—,None
Meru,2015,True,TheBox,Title+Year
Snowpiercer,2013,False,—,None
The Italian Job,1969,True,TheBox,Title+Year
Notting Hill,1999,True,"RipItGood, JeSTeRPLeX",Title+Year
Thelma,2017,True,TheBox,Title+Year
The Banshees of Inisherin,2022,False,—,None
"Lock, Stock and Two Smoking Barrels",1998,True,TheBox,Title+Year
"Crouching Tiger, Hidden Dragon",2000,True,"RipItGood, TheBox, JeSTeRPLeX",Title+Year
The Last of the Mohicans,1992,True,"TheBox, JeSTeRPLeX, Z'Films",Title+Year
Rear Window,1954,False,—,None
The Game,1997,False,—,None
Grave Encounters,2011,False,—,None
Love Actually,2003,True,"RipItGood, TheBox",Title+Year
Green Book,2018,True,JeSTeRPLeX,Title+Year
How to Lose a Guy in 10 Days,2003,True,"TheBox, JeSTeRPLeX, Z'Films",Title+Year
Freaky Friday,2003,True,"JeSTeRPLeX, Z'Films",Title+Year
White Noise,2022,True,"RipItGood, TheBox",Fuzzy
Space Jam,1996,True,"TheBox, JeSTeRPLeX, Z'Films",Title+Year
Chef,2014,True,Z'Films,Title+Year
Tremors,1990,True,TheBox,Title+Year
The Princess Bride,1987,True,"RipItGood, TheBox, JeSTeRPLeX, Z'Films",Title+Year
The Secret Life of Walter Mitty,2013,True,JeSTeRPLeX,Title+Year
The Princess Diaries,2001,True,"JeSTeRPLeX, Z'Films",Title+Year
American Pie,1999,True,"RipItGood, TheBox",Title+Year
Big Trouble in Little China,1986,True,"RipItGood, TheBox, JeSTeRPLeX",Title+Year
You've Got Mail,1998,True,"TheBox, JeSTeRPLeX",Title+Year
The Artist,2011,True,JeSTeRPLeX,Title+Year
Love & Other Drugs,2010,False,—,None
The Great Dictator,1940,True,TheBox,Title+Year
Thank You for Smoking,2005,True,RipItGood,Title+Year
Tenacious D in The Pick of Destiny,2006,False,—,None
"Dude, Where's My Car?",2000,False,—,None
Robin Hood: Men in Tights,1993,True,JeSTeRPLeX,Title+Year
Buffy the Vampire Slayer,1992,True,JeSTeRPLeX,Title+Year
Hot Shots!,1991,True,RipItGood,Title+Year
"Men, Women & Children",2014,False,—,None
Sneakers,1992,True,JeSTeRPLeX,Title+Year
Mississippi Grind,2015,False,—,None
White Palace,1990,False,—,None
Hot Fuzz,2007,True,TheBox,Title+Year
M,1931,False,—,None
Fast & Furious,2009,True,"RipItGood, TheBox, JeSTeRPLeX, Z'Films",Title+Year
Ghost in the Shell,2017,True,JeSTeRPLeX,Title+Year
True Grit,2010,True,"RipItGood, JeSTeRPLeX, Z'Films",Title+Year
Lawrence of Arabia,1962,True,TheBox,Title+Year
Total Recall,1990,True,JeSTeRPLeX,Fuzzy
Mad Max,1979,True,"TheBox, JeSTeRPLeX",Title+Year
Only God Forgives,2013,False,—,None
The Italian Job,2003,True,"RipItGood, JeSTeRPLeX, Z'Films",Title+Year
I Am Not Your Negro,2016,False,—,None
Hoop Dreams,1994,False,—,None
The Killing of a Sacred Deer,2017,False,—,None
American History X,1998,True,RipItGood,Title+Year
"Paris, Texas",1984,False,—,None
The Rocky Horror Picture Show,1975,True,"RipItGood, TheBox",Title+Year
The Fifth Element,1997,True,JeSTeRPLeX,Title+Year
Sleepy Hollow,1999,False,—,None
Stranger Than Fiction,2006,True,"RipItGood, JeSTeRPLeX",Title+Year
High Fidelity,2000,False,—,None
Cry-Baby,1990,True,TheBox,Title+Year
An American in Paris,1951,True,JeSTeRPLeX,Title+Year
Interstella 5555: The 5tory of the 5ecret 5tar 5ystem,2003,True,"TheBox, JeSTeRPLeX",Title+Year
The Thing,1982,True,TheBox,Title+Year
Eyes Wide Shut,1999,False,—,None
L.A. Confidential,1997,False,—,None
It Comes at Night,2017,False,—,None
Gattaca,1997,True,JeSTeRPLeX,Title+Year
The Bourne Ultimatum,2007,True,"RipItGood, TheBox, JeSTeRPLeX, Z'Films",Title+Year
Source Code,2011,True,"RipItGood, JeSTeRPLeX",Title+Year
Vanilla Sky,2001,True,"RipItGood, TheBox",Title+Year
Twin Peaks,1989,False,—,None
Pi,1998,True,RipItGood,Title+Year
Color Out of Space,2019,False,—,None
Cube,1997,True,TheBox,Title+Year
Jacob's Ladder,1990,True,TheBox,Title+Year
Disturbia,2007,True,RipItGood,Title+Year
Casablanca,1942,True,"TheBox, JeSTeRPLeX",Title+Year
West Side Story,2021,True,"TheBox, JeSTeRPLeX, Z'Films",Title+Year
Bridget Jones's Diary,2001,True,TheBox,Title+Year
There's Something About Mary,1998,True,RipItGood,Title+Year
Say Anything...,1989,False,—,None
A Walk to Remember,2002,True,"RipItGood, JeSTeRPLeX",Title+Year
Ghost in the Shell,1995,True,"TheBox, JeSTeRPLeX",Title+Year
Alita: Battle Angel,2019,True,JeSTeRPLeX,Title+Year
Chappie,2015,False,—,None
The Cloverfield Paradox,2018,False,—,None
Tomorrowland,2015,True,JeSTeRPLeX,Title+Year
eXistenZ,1999,False,—,None
Colossal,2016,False,—,None
Repo Man,1984,False,—,None
Hot Tub Time Machine,2010,False,—,None
The Blob,1988,False,—,None
Flubber,1997,True,"JeSTeRPLeX, Z'Films",Title+Year
Westworld,1973,False,—,None
The Man from Earth,2007,False,—,None
The Running Man,1987,True,JeSTeRPLeX,Fuzzy
From Beyond,1986,False,—,None
Soylent Green,1973,False,—,None
Deep Impact,1998,True,"RipItGood, JeSTeRPLeX",Title+Year
Chopping Mall,1986,False,—,None
The Blob,1958,False,—,None
Mimic,1997,False,—,None
Looper,2012,False,—,None
The Devil's Advocate,1997,True,RipItGood,Title+Year
Dial M for Murder,1954,False,—,None
The French Connection,1971,False,—,None
Thief,1981,False,—,None
Armageddon,1998,True,"TheBox, JeSTeRPLeX, Z'Films",Title+Year
The Little Things,2021,False,—,None
In the Mouth of Madness,1994,True,TheBox,Title+Year
Dirty Harry,1971,False,—,None
Wanted,2008,True,"RipItGood, TheBox",Title+Year
Donnie Brasco,1997,False,—,None
Lights Out,2016,False,—,None
The Phantom of the Opera,2004,True,"TheBox, JeSTeRPLeX, Z'Films",Title+Year
Dressed to Kill,1980,False,—,None
Sleepers,1996,False,—,None
To Catch a Thief,1955,False,—,None
Peeping Tom,1960,False,—,None
The Double,2013,False,—,None
Angels & Demons,2009,True,"JeSTeRPLeX, Z'Films",Title+Year
Equilibrium,2002,True,JeSTeRPLeX,Title+Year
The Abyss,1989,True,JeSTeRPLeX,Title+Year
Inferno,1980,True,JeSTeRPLeX,Fuzzy
Escape from Alcatraz,1979,True,JeSTeRPLeX,Title+Year
The Hills Have Eyes,1977,True,TheBox,Title+Year
Wild Things,1998,False,—,None
Hacksaw Ridge,2016,True,"JeSTeRPLeX, Z'Films",Title+Year
Letters from Iwo Jima,2006,False,—,None
The Monuments Men,2014,False,—,None
The Dirty Dozen,1967,True,"RipItGood, JeSTeRPLeX",Title+Year
Red Dawn,1984,True,JeSTeRPLeX,Title+Year
Le Petit Soldat,1963,False,—,None
Silver Linings Playbook,2012,False,—,None
Kung Fury,2015,False,—,None
White Men Can't Jump,1992,False,—,None
Beethoven,1992,True,JeSTeRPLeX,Title+Year
¡Three Amigos!,1986,True,JeSTeRPLeX,Fuzzy
St. Elmo's Fire,1985,False,—,None
Get Shorty,1995,False,—,None
Crocodile Dundee,1986,True,"TheBox, JeSTeRPLeX, Z'Films",Title+Year
Cloverfield,2008,True,"TheBox, JeSTeRPLeX",Title+Year
The Sentinel,1977,True,"RipItGood, TheBox, JeSTeRPLeX",Fuzzy
Shaft,1971,False,—,None
A Nightmare on Elm Street,1984,True,TheBox,Fuzzy
Cinema Paradiso,1988,False,—,None
The Elephant Man,1980,False,—,None
Videodrome,1983,False,—,None
They Live,1988,True,TheBox,Title+Year
The Untouchables,1987,True,"RipItGood, TheBox",Title+Year
Blow Out,1981,False,—,None
Escape from New York,1981,False,—,None
Blood Simple,1984,False,—,None
Moonstruck,1987,True,TheBox,Title+Year
Tampopo,1985,True,TheBox,Title+Year
Manhunter,1986,False,—,None
The Color Purple,1985,True,JeSTeRPLeX,Fuzzy
"Good Morning, Vietnam",1987,False,—,None
The Vanishing,1988,True,RipItGood,Title+Year
Fright Night,1985,False,—,None
Children of the Corn,1984,False,—,None
The Last Emperor,1987,True,JeSTeRPLeX,Title+Year
A Room with a View,1986,False,—,None
Broadcast News,1987,False,—,None
L'Argent,1983,False,—,None
The Leftovers,1986,False,—,None
The Talented Mr. Ripley,1999,False,—,None
Speed,1994,True,RipItGood,Title+Year
Army of Darkness,1992,True,TheBox,Title+Year
Cape Fear,1991,False,—,None
From Dusk Till Dawn,1996,False,—,None
Bottle Rocket,1996,True,TheBox,Title+Year
Crash,1996,True,RipItGood,Fuzzy
Blade,1998,True,TheBox,Title+Year
A Few Good Men,1992,True,RipItGood,Title+Year
Sister Act,1992,True,"RipItGood, TheBox, JeSTeRPLeX, Z'Films",Title+Year
Crimson Tide,1995,False,—,None
The Pelican Brief,1993,False,—,None
Ri¢hie Ri¢h,1994,False,—,None
Thrashin',1986,False,—,None
How to Blow Up a Pipeline,2022,True,TheBox,Fuzzy
Paul,2011,True,TheBox,Title+Year
Cronos,1992,True,TheBox,Fuzzy
Drop Dead Gorgeous,1999,False,—,None
A Time to Kill,1996,False,—,None
Shallow Grave,1994,False,—,None
Out of Sight,1998,False,—,None
Desperado,1995,True,TheBox,Title+Year
Eternity and a Day,1998,False,—,None
Fried Green Tomatoes,1991,True,JeSTeRPLeX,Title+Year
The Firm,1993,False,—,None
The Bodyguard,1992,False,—,None
The City of Lost Children,1995,False,—,None
The People Under the Stairs,1991,False,—,None
The Mighty Ducks,1992,True,JeSTeRPLeX,Title+Year
The Butterfly Effect,2004,False,—,None
Training Day,2001,True,RipItGood,Title+Year
Taken,2008,True,"RipItGood, TheBox, Z'Films",Title+Year
Persepolis,2007,False,—,None
Bring It On,2000,True,"RipItGood, JeSTeRPLeX",Title+Year
Apocalypto,2006,True,RipItGood,Title+Year
The Beach,2000,True,TheBox,Title+Year
One Hour Photo,2002,True,RipItGood,Title+Year
Van Helsing,2004,True,"RipItGood, JeSTeRPLeX, Z'Films",Title+Year
Band of Brothers,2001,False,—,None
Black Dynamite,2009,False,—,None
Fracture,2007,False,—,None
Cowboy Bebop: The Movie,2001,True,TheBox,Title+Year
Be Kind Rewind,2008,True,RipItGood,Title+Year
Bewitched,2005,True,"RipItGood, JeSTeRPLeX",Title+Year
Man on Wire,2008,False,—,None
xXx,2002,True,"RipItGood, TheBox, JeSTeRPLeX",Title+Year
The Love Witch,2016,False,—,None
Shame,2011,False,—,None
Bridge of Spies,2015,True,JeSTeRPLeX,Title+Year
The Dead Don't Die,2019,True,TheBox,Title+Year
Tinker Tailor Soldier Spy,2011,False,—,None
End of Watch,2012,False,—,None
Argo,2012,False,—,None
The House That Jack Built,2018,True,TheBox,Title+Year
The Neon Demon,2016,True,TheBox,Title+Year
The Art of Self-Defense,2019,False,—,None
The Lost City of Z,2016,False,—,None
There Will Be Blood,2007,True,JeSTeRPLeX,Title+Year
The Pianist,2002,True,JeSTeRPLeX,Title+Year
Children of Men,2006,True,"RipItGood, TheBox",Title+Year
300,2006,True,"RipItGood, TheBox",Fuzzy
The Bourne Identity,2002,True,"RipItGood, JeSTeRPLeX, Z'Films",Title+Year
Scary Movie,2000,True,TheBox,Title+Year
Gran Torino,2008,True,RipItGood,Title+Year
Irreversible,2002,True,TheBox,Title+Year
The Fast and the Furious: Tokyo Drift,2006,True,"RipItGood, TheBox, JeSTeRPLeX, Z'Films",Title+Year
The Assassination of Jesse James by the Coward Robert Ford,2007,True,"RipItGood, TheBox",Title+Year
The Bourne Supremacy,2004,True,"RipItGood, JeSTeRPLeX, Z'Films",Title+Year
Sunshine,2007,False,—,None
Brick,2005,False,—,None
American Gangster,2007,True,RipItGood,Title+Year
Silent Hill,2006,False,—,None
Bend It Like Beckham,2002,True,"RipItGood, TheBox, JeSTeRPLeX",Title+Year
Crash,2004,True,RipItGood,Title+Year
Jeepers Creepers,2001,False,—,None
Scream,1996,True,RipItGood,Title+Year
Fargo,1996,False,—,None
The Usual Suspects,1995,True,RipItGood,Title+Year
Misery,1990,False,—,None
Bram Stoker's Dracula,1992,True,TheBox,Title+Year
Hocus Pocus,1993,True,"RipItGood, JeSTeRPLeX, Z'Films",Title+Year
Twelve Monkeys,1995,False,—,None
Independence Day,1996,True,"RipItGood, TheBox, JeSTeRPLeX, Z'Films",Title+Year
The Thin Red Line,1998,False,—,None
Mars Attacks!,1996,True,"TheBox, JeSTeRPLeX",Title+Year
Beau Travail,1999,False,—,None
Four Weddings and a Funeral,1994,False,—,None
She's All That,1999,True,"RipItGood, JeSTeRPLeX",Title+Year
The Age of Innocence,1993,False,—,None
Empire Records,1995,False,—,None
Showgirls,1995,True,TheBox,Title+Year
Con Air,1997,True,"RipItGood, TheBox",Title+Year
Braindead,1992,False,—,None
True Lies,1994,True,RipItGood,Title+Year
Pleasantville,1998,False,—,None
Meet Joe Black,1998,True,JeSTeRPLeX,Title+Year
The Straight Story,1999,False,—,None
The Insider,1999,False,—,None
The Faculty,1998,False,—,None
Patch Adams,1998,True,JeSTeRPLeX,Title+Year
Swingers,1996,False,—,None
Days of Thunder,1990,True,JeSTeRPLeX,Title+Year
Chaplin,1992,False,—,None
Sling Blade,1996,False,—,None
A Perfect World,1993,False,—,None
City of Angels,1998,True,JeSTeRPLeX,Title+Year
Rudy,1993,False,—,None
Life Is Sweet,1990,False,—,None
Sleeping with the Enemy,1991,False,—,None
Double Jeopardy,1999,False,—,None
Great Expectations,1998,False,—,None
The Net,1995,True,"RipItGood, JeSTeRPLeX",Title+Year
Dante's Peak,1997,True,"TheBox, JeSTeRPLeX, Z'Films",Title+Year
Eve's Bayou,1997,False,—,None
Indecent Proposal,1993,False,—,None
Ghostwatch,1992,False,—,None
City Slickers,1991,False,—,None
Set It Off,1996,True,RipItGood,Title+Year
Junior,1994,False,—,None
The Legend of 1900,1998,False,—,None
Half Baked,1998,True,"RipItGood, TheBox",Title+Year
Of Mice and Men,1992,False,—,None
Tales from the Hood,1995,True,TheBox,Title+Year
Broken Arrow,1996,False,—,None
Maverick,1994,True,JeSTeRPLeX,Title+Year
Clockers,1995,False,—,None
Copycat,1995,False,—,None
G.I. Jane,1997,True,RipItGood,Title+Year
End of Days,1999,False,—,None
Lone Star,1996,False,—,None
Jungle Fever,1991,False,—,None
Dead Presidents,1995,False,—,None
Raising Arizona,1987,True,"TheBox, JeSTeRPLeX",Title+Year
Midnight Run,1988,False,—,None
Mississippi Burning,1988,False,—,None
Altered States,1980,False,—,None
Nine to Five,1980,True,TheBox,Title+Year
Ordinary People,1980,False,—,None
Top Secret!,1984,False,—,None
Driving Miss Daisy,1989,True,JeSTeRPLeX,Title+Year
Nineteen Eighty-Four,1984,False,—,None
Demons,1985,False,—,None
The Verdict,1982,False,—,None
True Stories,1986,True,TheBox,Title+Year
Annie,1982,True,JeSTeRPLeX,Title+Year
Bloodsport,1988,False,—,None
The Stuff,1985,False,—,None
Prom Night,1980,False,—,None
48 Hrs.,1982,False,—,None
The Blue Lagoon,1980,False,—,None
Mystic Pizza,1988,False,—,None
The Keep,1983,False,—,None
Better Off Dead...,1985,True,JeSTeRPLeX,Fuzzy
Boyfriends and Girlfriends,1987,False,—,None
One from the Heart,1982,False,—,None
Dead & Buried,1981,False,—,None
2010: The Year We Make Contact,1984,False,—,None
House of Games,1987,False,—,None
Crimes of Passion,1984,False,—,None
Roadgames,1981,False,—,None
Smooth Talk,1985,False,—,None
Casualties of War,1989,True,RipItGood,Title+Year
Over the Top,1987,True,JeSTeRPLeX,Title+Year
Miami Connection,1987,False,—,None
Working Girls,1986,False,—,None
Dead Men Don't Wear Plaid,1982,False,—,None
The Dead Pool,1988,False,—,None
Stand and Deliver,1988,True,RipItGood,Title+Year
Used Cars,1980,False,—,None
Coming to America,1988,True,TheBox,Fuzzy
Bubble Boy,2001,False,—,None
Like Mike,2002,True,Z'Films,Title+Year
Kinky Boots,2005,False,—,None
Barbershop,2002,True,RipItGood,Title+Year
National Security,2003,False,—,None
Pootie Tang,2001,False,—,None
Fatal Attraction,1987,True,"RipItGood, TheBox",Title+Year
Enemy of the State,1998,False,—,None
Point Break,1991,True,JeSTeRPLeX,Fuzzy
Because of Winn-Dixie,2005,True,RipItGood,Title+Year
Commando,1985,False,—,None
Charlie's Angels,2000,True,"RipItGood, TheBox, JeSTeRPLeX",Title+Year
First Blood,1982,True,"RipItGood, TheBox",Title+Year
Lethal Weapon,1987,True,RipItGood,Title+Year
Jason Bourne,2016,True,JeSTeRPLeX,Title+Year
John Wick,2014,True,Z'Films,Title+Year
I Know What You Did Last Summer,1997,True,TheBox,Title+Year
The Fugitive,1993,True,JeSTeRPLeX,Title+Year
Edge of Tomorrow,2014,True,"TheBox, JeSTeRPLeX, Z'Films",Title+Year
I Am Legend,2007,True,"RipItGood, TheBox, JeSTeRPLeX",Title+Year
The Fly,1986,True,JeSTeRPLeX,Fuzzy
Predator,1987,False,—,None
Moon,2009,True,"RipItGood, TheBox",Title+Year
High Life,2018,True,TheBox,Title+Year
Close Encounters of the Third Kind,1977,True,"RipItGood, TheBox, JeSTeRPLeX",Title+Year
Alien: Covenant,2017,True,TheBox,Title+Year
Come and See,1985,True,TheBox,Title+Year
21 Jump Street,2012,True,RipItGood,Title+Year
The Gentlemen,2019,False,—,None
Pixels,2015,True,"RipItGood, JeSTeRPLeX",Title+Year
Jack Reacher,2012,True,"JeSTeRPLeX, Z'Films",Title+Year
Sicario: Day of the Soldado,2018,False,—,None
Pearl Harbor,2001,True,"RipItGood, JeSTeRPLeX",Title+Year
Miami Vice,2006,False,—,None
War Horse,2011,True,JeSTeRPLeX,Title+Year
Assassin's Creed,2016,True,Z'Films,Title+Year
The Mask of Zorro,1998,True,JeSTeRPLeX,Title+Year
RED,2010,True,Z'Films,Title+Year
Marcel the Shell with Shoes On,2021,True,TheBox,Fuzzy
Turning Red,2022,True,JeSTeRPLeX,Title+Year
ParaNorman,2012,True,JeSTeRPLeX,Title+Year
Frankenweenie,2012,True,JeSTeRPLeX,Fuzzy
Kronk's New Groove,2005,True,"RipItGood, JeSTeRPLeX",Title+Year
Berserk,1997,False,—,None
Time Masters,1982,False,—,None
Cowboy Bebop,1998,False,—,None
Paprika,2006,False,—,None
The Florida Project,2017,False,—,None
I Care a Lot,2020,False,—,None
Zero Dark Thirty,2012,False,—,None
A Streetcar Named Desire,1951,False,—,None
Green Room,2015,True,TheBox,Fuzzy
Sicario,2015,False,—,None
Collateral,2004,False,—,None
Thelma & Louise,1991,True,TheBox,Title+Year
A Bronx Tale,1993,True,TheBox,Title+Year
Some Like It Hot,1959,True,JeSTeRPLeX,Title+Year
Cool Hand Luke,1967,True,JeSTeRPLeX,Title+Year
Miami Vice: Brother's Keeper,1984,False,—,None
Life,2017,True,TheBox,Title+Year
The Player,1992,False,—,None
Tinker Tailor Soldier Spy,1979,False,—,None
The Third Man,1949,False,—,None
North by Northwest,1959,True,TheBox,Title+Year
Changeling,2008,True,"RipItGood, TheBox",Title+Year
Blazing Saddles,1974,True,"RipItGood, TheBox",Title+Year
Singin' in the Rain,1952,True,"TheBox, JeSTeRPLeX, Z'Films",Title+Year
Leaving Las Vegas,1995,True,TheBox,Title+Year
Memories,1995,True,TheBox,Title+Year
The Craft,1996,False,—,None
Stir of Echoes,1999,False,—,None
The Right Stuff,1983,True,"TheBox, JeSTeRPLeX",Title+Year
The Midnight Sky,2020,True,JeSTeRPLeX,Title+Year
Life Itself,2014,False,—,None
The Triplets of Belleville,2003,True,TheBox,Title+Year
The River Wild,1994,True,TheBox,Title+Year
Moonlighting,1982,False,—,None
Kung Pow: Enter the Fist,2002,False,—,None
Black Christmas,1974,False,—,None
Wild at Heart,1990,False,—,None
The Eternal Daughter,2022,False,—,None
An American Werewolf in London,1981,True,TheBox,Title+Year
Communion,1989,False,—,None
Q,1982,False,—,None
Poltergeist,1982,True,TheBox,Title+Year
Bernie,2011,False,—,None
Nosferatu the Vampyre,1979,True,TheBox,Title+Year
Ronin,1998,True,TheBox,Title+Year
The Fog,1980,True,TheBox,Title+Year
The Freshman,1990,False,—,None
My Dinner with Andre,1981,False,—,None
Assassination Nation,2018,True,TheBox,Title+Year
Rent,2005,True,"RipItGood, TheBox",Title+Year
She's Having a Baby,1988,False,—,None
Chinatown,1974,True,TheBox,Title+Year
The Tree of Life,2011,True,"TheBox, JeSTeRPLeX",Title+Year
Solaris,1972,False,—,None
Lars and the Real Girl,2007,True,TheBox,Title+Year
Vampires,1998,True,TheBox,Title+Year
Sorcerer,1977,True,TheBox,Title+Year
Drag Me to Hell,2009,False,—,None
"One Sings, the Other Doesn't",1977,True,TheBox,Title+Year
Ready or Not,2019,True,TheBox,Title+Year
Girlhood,2014,False,—,None
C'mon C'mon,2021,True,TheBox,Title+Year
Once Upon a Time in the West,1968,True,"TheBox, JeSTeRPLeX",Title+Year
The Changeling,1980,False,—,None
Don't Look Now,1973,True,TheBox,Title+Year
Senseless,1998,True,TheBox,Title+Year
F for Fake,1973,False,—,None
Dances with Wolves,1990,True,"TheBox, JeSTeRPLeX, Z'Films",Title+Year
Wild,2014,False,—,None
Constantine,2005,True,"RipItGood, TheBox",Title+Year
Prospect,2018,False,—,None
One Point O,2004,False,—,None
The Virgin Suicides,1999,True,TheBox,Fuzzy
The Terminal,2004,True,"TheBox, JeSTeRPLeX, Z'Films",Title+Year
The Lost World: Jurassic Park,1997,True,"TheBox, JeSTeRPLeX",Title+Year
Munich,2005,True,RipItGood,Title+Year
Empire of the Sun,1987,True,JeSTeRPLeX,Title+Year
Duel,1971,False,—,None
Twilight Zone: The Movie,1983,False,—,None
The Post,2017,False,—,None
BlackBerry,2023,True,TheBox,Title+Year
The 355,2022,True,JeSTeRPLeX,Title+Year
Amsterdam,2022,False,—,None
Tough Guys Don't Dance,1987,False,—,None
Flower,2017,False,—,None
Cruising,1980,False,—,None
Spree,2020,False,—,None
Submarine,2010,True,TheBox,Fuzzy
A Clockwork Orange,1971,True,TheBox,Title+Year
Queen & Slim,2019,False,—,None
Overlord,2018,False,—,None
Sunset Boulevard,1950,False,—,None
About Time,2013,True,"TheBox, Z'Films",Title+Year
Adaptation.,2002,False,—,None
All That Jazz,1979,True,TheBox,Title+Year
All the President's Men,1976,False,—,None
Annie Hall,1977,True,TheBox,Title+Year
Anatomy of a Murder,1959,False,—,None
The Apartment,1960,False,—,None
Badlands,1973,False,—,None
Blue Collar,1978,False,—,None
Boiling Point,2021,False,—,None
Boy,2010,True,TheBox,Title+Year
Cabaret,1972,True,JeSTeRPLeX,Title+Year
The Conversation,1974,True,RipItGood,Title+Year
"The Cook, the Thief, His Wife & Her Lover",1989,False,—,None
Dog Day Afternoon,1975,False,—,None
Double Indemnity,1944,False,—,None
Ed Wood,1994,False,—,None
Fail Safe,1964,False,—,None
The Fall,2006,True,TheBox,Title+Year
Good Time,2017,False,—,None
Guillermo del Toro's Pinocchio,2022,True,JeSTeRPLeX,Title+Year
Shoah,1985,False,—,None
The Lighthouse,2019,False,—,None
Invasion of the Body Snatchers,1956,False,—,None
Miracle Mile,1988,False,—,None
The Invisible Man,1933,False,—,None
The Stepford Wives,1975,True,JeSTeRPLeX,Fuzzy
Upgrade,2018,False,—,None
Serenity,2005,True,"RipItGood, TheBox, JeSTeRPLeX",Title+Year
Tenet,2020,True,"JeSTeRPLeX, Z'Films",Title+Year
Oldboy,2003,True,TheBox,Title+Year
Wild Reeds,1994,False,—,None
The Killing Fields,1984,False,—,None
The Quiet Earth,1985,False,—,None
Diner,1982,False,—,None
Atlantic City,1980,False,—,None
The Man Who Fell to Earth,1976,False,—,None
Mean Streets,1973,False,—,None
Oliver Twist,1948,False,—,None
All About Eve,1950,True,"RipItGood, TheBox, JeSTeRPLeX",Fuzzy
The Wrestler,2008,True,RipItGood,Title+Year
The King of Kong: A Fistful of Quarters,2007,False,—,None
Best in Show,2000,False,—,None
Sexy Beast,2000,False,—,None
Spider,2002,False,—,None
The Ruins,2008,False,—,None
Magnolia,1999,True,TheBox,Title+Year
Unforgiven,1992,False,—,None
Carlito's Way,1993,False,—,None
True Romance,1993,False,—,None
JFK,1991,False,—,None
Big Night,1996,False,—,None
Election,1999,False,—,None
Bad Lieutenant,1992,False,—,None
Vice Squad,1982,False,—,None
Time Bandits,1981,True,JeSTeRPLeX,Title+Year
Looker,1981,False,—,None
Into the Night,1985,False,—,None
Hellraiser,1987,True,TheBox,Title+Year
Tootsie,1982,False,—,None
Southern Comfort,1981,False,—,None
Body Double,1984,False,—,None
Body Heat,1981,False,—,None
Day of the Dead,1985,False,—,None
Something Wild,1986,False,—,None
Re-Animator,1985,False,—,None
Dead Ringers,1988,False,—,None
To Live and Die in L.A.,1985,False,—,None
The Long Good Friday,1980,False,—,None
Twin Peaks: The Return,2017,False,—,None
Baraka,1992,True,TheBox,Title+Year
Paper Moon,1973,False,—,None
All the Beauty and the Bloodshed,2022,False,—,None
The Bridge on the River Kwai,1957,True,RipItGood,Title+Year
Miss Saigon: 25th Anniversary Performance,2016,False,—,None
Young Frankenstein,1974,True,"TheBox, JeSTeRPLeX",Title+Year
Room,2015,False,—,None
Inside Llewyn Davis,2013,False,—,None
A Hidden Life,2019,False,—,None
Frankenstein,1931,True,"TheBox, Z'Films",Fuzzy
First Cow,2019,False,—,None
The Wind That Shakes the Barley,2006,False,—,None
Waking Life,2001,False,—,None
Inside Job,2010,True,JeSTeRPLeX,Title+Year
The Place Beyond the Pines,2012,False,—,None
Memoria,2021,True,TheBox,Title+Year
Images,1972,False,—,None
Jesus Christ Superstar,1973,False,—,None
Tucker and Dale vs. Evil,2010,True,"TheBox, Z'Films",Fuzzy
The Omen,1976,True,RipItGood,Fuzzy
The Fountain,2006,True,JeSTeRPLeX,Fuzzy
On the Basis of Sex,2018,True,TheBox,Title+Year
Across the Universe,2007,False,—,None
Quills,2000,False,—,None
Hanna,2011,True,JeSTeRPLeX,Title+Year
P.S. I Love You,2007,True,JeSTeRPLeX,Title+Year
Wrongfully Accused,1998,False,—,None
Secretary,2002,True,TheBox,Title+Year
Midnight Express,1978,False,—,None
Air,2023,False,—,None
Passengers,2016,True,"JeSTeRPLeX, Z'Films",Title+Year
Primer,2004,True,TheBox,Title+Year
Climax,2018,True,TheBox,Title+Year
In Bruges,2008,True,"RipItGood, TheBox",Title+Year
Possession,1981,True,TheBox,Title+Year
Hard Eight,1996,True,TheBox,Title+Year
Machete,2010,False,—,None
"tick, tick... BOOM!",2021,True,JeSTeRPLeX,Title+Year
The Power of the Dog,2021,False,—,None
No Time to Die,2021,True,"TheBox, JeSTeRPLeX, Z'Films",Title+Year
"Girl, Interrupted",1999,True,TheBox,Title+Year
Ad Astra,2019,True,"TheBox, JeSTeRPLeX",Title+Year
The Yearling,1946,False,—,None
Air Force One,1997,True,JeSTeRPLeX,Title+Year
An Affair to Remember,1957,False,—,None
Memoirs of a Geisha,2005,True,JeSTeRPLeX,Title+Year
Gandhi,1982,False,—,None
Midnight Cowboy,1969,False,—,None
Patton,1970,False,—,None
Terms of Endearment,1983,False,—,None
Chariots of Fire,1981,True,JeSTeRPLeX,Title+Year
Kramer vs. Kramer,1979,False,—,None
The Deer Hunter,1978,True,TheBox,Title+Year
Oliver!,1968,True,JeSTeRPLeX,Title+Year
In the Heat of the Night,1967,False,—,None
Anne of Green Gables,1985,True,JeSTeRPLeX,Title+Year
Vertigo,1958,True,TheBox,Title+Year
Secrets & Lies,1996,False,—,None
Rosemary's Baby,1968,True,"RipItGood, TheBox",Title+Year
"Synecdoche, New York",2008,True,TheBox,Title+Year
Phantom Thread,2017,False,—,None
The Batman,2022,True,"RipItGood, JeSTeRPLeX, Z'Films",Title+Year
Butch Cassidy and the Sundance Kid,1969,True,JeSTeRPLeX,Title+Year
Suspiria,2018,True,TheBox,Title+Year
Suspiria,1977,True,TheBox,Title+Year
Judas and the Black Messiah,2021,False,—,None
"Ma Belle, My Beauty",2021,False,—,None
Barbarian,2022,False,—,None
The Texas Chain Saw Massacre,1974,False,—,None
Carrie,1976,True,TheBox,Title+Year
Titane,2021,True,TheBox,Title+Year
Nobody,2021,True,TheBox,Title+Year
The Darjeeling Limited,2007,True,TheBox,Title+Year
Moulin Rouge!,2001,True,TheBox,Title+Year
Three Thousand Years of Longing,2022,True,TheBox,Title+Year
Burn After Reading,2008,True,"RipItGood, TheBox",Title+Year
CODA,2021,True,JeSTeRPLeX,Title+Year
Ford v Ferrari,2019,True,"JeSTeRPLeX, Z'Films",Title+Year
My Octopus Teacher,2020,False,—,None
Lord of War,2005,True,"RipItGood, TheBox",Title+Year
Water Lilies,2007,True,TheBox,Title+Year
Deepwater Horizon,2016,True,JeSTeRPLeX,Title+Year
Charli XCX: Alone Together,2021,False,—,None
Nightmare Alley,2021,False,—,None
The Evil Dead,1981,False,—,None
Tetris,2023,False,—,None
Blast from the Past,1999,False,—,None
The Big Year,2011,True,TheBox,Title+Year
House,1977,False,—,None
Close-Up,1990,False,—,None
Red Desert,1964,False,—,None
Brute Force,1947,False,—,None
Warrendale,1967,False,—,None
Naked,1993,False,—,None
Breathless,1960,False,—,None
Vivre Sa Vie,1962,False,—,None
Hunger,2008,False,—,None
Sweet Movie,1974,False,—,None
"Rome, Open City",1945,False,—,None
Paisan,1946,False,—,None
"Germany, Year Zero",1948,False,—,None
The Night of the Hunter,1955,False,—,None
Pickpocket,1959,False,—,None
French Cancan,1955,False,—,None
Elena and Her Men,1956,False,—,None
Gomorrah,2008,False,—,None
Mouchette,1967,False,—,None
Days of Heaven,1978,False,—,None
The Killing of a Chinese Bookie,1976,False,—,None
Opening Night,1977,False,—,None
The 400 Blows,1959,False,—,None
Pleasures of the Flesh,1965,False,—,None
Sing a Song of Sex,1967,False,—,None
Japanese Summer: Double Suicide,1967,False,—,None
The Wages of Fear,1953,False,—,None
Crumb,1994,False,—,None
The Battle of Algiers,1966,False,—,None
Three Colours: White,1994,True,TheBox,Fuzzy
Three Colours: Red,1994,True,TheBox,Fuzzy
Le Havre,2011,False,—,None
Vive Le Tour,1962,False,—,None
A Human Condition,1974,False,—,None
Place de la République,1974,False,—,None
Insignificance,1985,False,—,None
Masculin Féminin,1966,False,—,None
À propos de Nice,1930,False,—,None
Zero for Conduct,1933,False,—,None
Tess,1979,False,—,None
Picnic at Hanging Rock,1975,False,—,None
The Devil's Backbone,2001,False,—,None
Medium Cool,1969,False,—,None
Zazie dans le Métro,1960,False,—,None
Murmur of the Heart,1971,False,—,None
Y Tu Mamá También,2001,True,TheBox,Title+Year
Eyes Without a Face,1960,False,—,None
American Made,2017,False,—,None
Mickey Blue Eyes,1999,False,—,None
The Holy Mountain,1973,True,TheBox,Title+Year
Just One of the Guys,1985,False,—,None
Before Sunrise,1995,True,TheBox,Title+Year
Halloween,1978,True,TheBox,Title+Year
The Exorcist,1973,True,TheBox,Title+Year
The King's Man,2021,True,JeSTeRPLeX,Title+Year
Project X,2012,False,—,None
Perfect Blue,1997,False,—,None
Your Name.,2016,True,"JeSTeRPLeX, Z'Films",Title+Year
John Wick: Chapter 2,2017,True,"JeSTeRPLeX, Z'Films",Title+Year
Before Sunset,2004,True,TheBox,Title+Year
John Wick: Chapter 4,2023,True,"TheBox, Z'Films",Title+Year
Nocturnal Animals,2016,False,—,None
Undercover Brother,2002,False,—,None
Taking Care of Business,1990,False,—,None
Neon Genesis Evangelion,1995,False,—,None
"Summer of Soul (...Or, When the Revolution Could Not Be Televised)",2021,False,—,None
Before Midnight,2013,True,TheBox,Title+Year
The Sound of Music,1965,True,"RipItGood, JeSTeRPLeX, Z'Films",Title+Year
Philly D.A.,2021,False,—,None
First Reformed,2017,True,TheBox,Fuzzy
The Prince of Egypt,1998,True,"RipItGood, TheBox, JeSTeRPLeX, Z'Films",Title+Year
Who Framed Roger Rabbit,1988,True,"RipItGood, JeSTeRPLeX, Z'Films",Title+Year
The Joy Luck Club,1993,True,RipItGood,Title+Year
Happening,2021,False,—,None
Nosferatu,1922,True,TheBox,Title+Year
Troy,2022,True,"TheBox, Z'Films, JeSTeRPLeX",Fuzzy
Brigsby Bear,2017,True,TheBox,Title+Year
Weiner,2016,True,TheBox,Title+Year
Enter the Void,2009,True,TheBox,Title+Year
The Queen of Basketball,2021,False,—,None
Kajillionaire,2020,True,TheBox,Title+Year
King Richard,2021,True,"TheBox, JeSTeRPLeX",Title+Year
14 Peaks: Nothing Is Impossible,2021,True,JeSTeRPLeX,Title+Year
You Won't Be Alone,2022,True,TheBox,Title+Year
El Camino: A Breaking Bad Movie,2019,True,JeSTeRPLeX,Title+Year
Night of the Kings,2020,False,—,None
Don't Breathe,2016,False,—,None
Emily the Criminal,2022,False,—,None
Infinity Pool,2023,True,TheBox,Title+Year
Barbarella,1968,True,TheBox,Title+Year
Everest,2015,True,"TheBox, JeSTeRPLeX",Title+Year
Back to School,1986,True,TheBox,Title+Year
White Boy Rick,2018,False,—,None
Mad Max Beyond Thunderdome,1985,True,"TheBox, JeSTeRPLeX",Title+Year
Our Idiot Brother,2011,False,—,None
Final Portrait,2017,True,TheBox,Title+Year
The Cannonball Run,1981,True,TheBox,Title+Year
The Day After Tomorrow,2004,True,"RipItGood, TheBox, JeSTeRPLeX, Z'Films",Title+Year
The Expendables,2010,True,JeSTeRPLeX,Fuzzy
Hancock,2008,True,"RipItGood, TheBox, JeSTeRPLeX, Z'Films",Title+Year
Alien Resurrection,1997,True,"RipItGood, TheBox",Fuzzy
Machete Kills,2013,True,TheBox,Title+Year
AVP: Alien vs. Predator,2004,False,—,None
Total Recall,2012,True,JeSTeRPLeX,Title+Year
Die Hard With a Vengeance,1995,True,"RipItGood, JeSTeRPLeX",Title+Year
Seven Samurai,1954,True,"TheBox, JeSTeRPLeX",Title+Year
The Trial of the Chicago 7,2020,False,—,None
Fear Street: 1978,2021,False,—,None
Spring Breakers,2012,True,TheBox,Title+Year
Hellboy,2019,True,"RipItGood, JeSTeRPLeX",Fuzzy
He Got Game,1998,False,—,None
Freaked,1993,False,—,None
Freeway,1996,False,—,None
From Here to Eternity,1953,False,—,None
The Handmaiden,2016,True,TheBox,Title+Year
Lilies,1996,False,—,None
Velvet Goldmine,1998,False,—,None
House of 1000 Corpses,2003,False,—,None
Death Proof,2007,False,—,None
The Beach Bum,2019,False,—,None
Under the Silver Lake,2018,False,—,None
Society,1989,False,—,None
Basic Instinct,1992,True,RipItGood,Title+Year
La Bête Humaine,1938,False,—,None
Lost Highway,1997,False,—,None
Near Dark,1987,False,—,None
Excalibur,1981,False,—,None
Killer Joe,2011,False,—,None
Kinsey,2004,True,RipItGood,Title+Year
Nymphomaniac: Vol. I,2013,False,—,None
Despite the Night,2015,False,—,None
Anatomy of a Fall,2023,True,TheBox,Title+Year
Reality,2023,False,—,None
Bullitt,1968,True,JeSTeRPLeX,Title+Year
The Legend of Bagger Vance,2000,True,JeSTeRPLeX,Title+Year
Song of the South,1946,True,"RipItGood, JeSTeRPLeX",Title+Year
Goldfinger,1964,True,"RipItGood, TheBox, JeSTeRPLeX",Title+Year
The Rock,1996,True,RipItGood,Title+Year
Juggernaut,1974,False,—,None
Six Days Seven Nights,1998,False,—,None
The Graduate,1967,False,—,None
First Man,2018,False,—,None
Staying Alive,1983,False,—,None
Cop Land,1997,False,—,None
Breach,2007,True,"RipItGood, JeSTeRPLeX",Title+Year
The Score,2001,False,—,None
Hair,1979,False,—,None
Mysterious Skin,2004,False,—,None
The Lobster,2015,False,—,None
Angel Heart,1987,False,—,None
Analyze This,1999,False,—,None
13 Hours: The Secret Soldiers of Benghazi,2016,False,—,None
Tuff Turf,1985,False,—,None
Bad Influence,1990,False,—,None
Mannequin,1987,True,TheBox,Title+Year
Caligula,1979,False,—,None
3 Idiots,2009,True,TheBox,Title+Year
Fallen Angels,1995,False,—,None
Underground,1995,False,—,None
Nashville,1975,False,—,None
Rumble Fish,1983,False,—,None
The Cell,2000,False,—,None
Computer Chess,2013,False,—,None
My Girl,1991,False,—,None
Harriet the Spy,1996,False,—,None
Varsity Blues,1999,True,"RipItGood, TheBox",Title+Year
The Warriors,1979,False,—,None
King of New York,1990,False,—,None
Vision Quest,1985,False,—,None
Stripes,1981,True,"RipItGood, TheBox",Title+Year
Hoosiers,1986,True,"RipItGood, JeSTeRPLeX",Title+Year
The Last Boy Scout,1991,True,"RipItGood, TheBox",Title+Year
Juice,1992,False,—,None
Shooter,2007,True,"RipItGood, TheBox, JeSTeRPLeX",Title+Year
Panic Room,2002,False,—,None
Benny & Joon,1993,False,—,None
Drive Me Crazy,1999,False,—,None
Hell's Angels,1930,False,—,None
Scarface,1932,True,RipItGood,Fuzzy
The Outlaw,1943,False,—,None
Charming the Hearts of Men,2021,False,—,None
Erin Brockovich,2000,False,—,None
Lawless,2012,True,TheBox,Title+Year
Proof,2005,True,JeSTeRPLeX,Title+Year
The Wicker Man,1973,True,TheBox,Title+Year
Killers of the Flower Moon,2023,False,—,None
Nick Cave & The Bad Seeds: One More Time with Feeling,2016,False,—,None
The Gleaners and I,2000,False,—,None
Alone in the Wilderness,2004,False,—,None
Original Cast Album: Company,1970,False,—,None
The Sorrow and the Pity,1969,False,—,None
LA 92,2017,False,—,None
The Last Waltz,1978,False,—,None
Woodstock,1970,False,—,None
Hearts and Minds,1974,False,—,None
Ennio,2021,False,—,None
Jimi Plays Monterey,1977,False,—,None
Apollo 11,2019,False,—,None
Roger Waters: The Wall,2014,False,—,None
Gimme Shelter,1970,False,—,None
Ryuichi Sakamoto: Coda,2017,False,—,None
Style Wars,1983,False,—,None
Wattstax,1973,False,—,None
The Cove,2009,True,RipItGood,Title+Year
Bones Brigade: An Autobiography,2012,False,—,None
The Fog of War,2003,False,—,None
Jodorowsky's Dune,2013,True,TheBox,Title+Year
Mur Murs,1981,False,—,None
To Be and to Have,2002,False,—,None
Garlic Is as Good as Ten Mothers,1980,False,—,None
Feels Good Man,2020,False,—,None
The Farthest,2017,False,—,None
Christine,1983,False,—,None
Working Girl,1988,False,—,None
Giant,1956,False,—,None
Suzume,2022,False,—,None
Brazil,1985,True,TheBox,Title+Year
Malignant,2021,True,TheBox,Title+Year
Stardust,2007,True,"RipItGood, JeSTeRPLeX, Z'Films",Title+Year
Dredd,2012,False,—,None
Dog,2022,True,JeSTeRPLeX,Title+Year
The Descent,2005,True,TheBox,Title+Year
Sabrina the Teenage Witch,1996,False,—,None
Invasion of the Body Snatchers,1978,False,—,None
The Umbrellas of Cherbourg,1964,True,TheBox,Title+Year
Oklahoma!,1955,True,JeSTeRPLeX,Title+Year
Heaven Can Wait,1978,True,JeSTeRPLeX,Title+Year
The Ladies Man,1961,False,—,None
Mon Oncle,1958,False,—,None
The Commitments,1991,False,—,None
Teen Witch,1989,False,—,None
Hollow Man,2000,False,—,None
Eraserhead,1977,False,—,None
Rebel Without a Cause,1955,False,—,None
La Dolce Vita,1960,False,—,None
Remember the Titans,2000,True,"RipItGood, JeSTeRPLeX, Z'Films",Title+Year
Big Eyes,2014,False,—,None
Idiocracy,2006,False,—,None
No Strings Attached,2011,False,—,None
Battle of the Sexes,2017,True,"TheBox, JeSTeRPLeX",Title+Year
Pleasure,2021,False,—,None
The Lazarus Project,2008,False,—,None
Transcendence,2014,True,JeSTeRPLeX,Title+Year
Navy Seals,1990,False,—,None
Party Girl,1995,True,TheBox,Title+Year
Do Revenge,2022,True,TheBox,Title+Year
Fury,2014,False,—,None
The Taste of Things,2023,False,—,None
The Boy and the Heron,2023,True,"TheBox, Z'Films",Title+Year
Operation Avalanche,2016,False,—,None
Strictly Ballroom,1992,True,JeSTeRPLeX,Title+Year
The Cat Returns,2002,False,—,None
No One Will Save You,2023,True,JeSTeRPLeX,Title+Year
El Conde,2023,True,TheBox,Title+Year
Bāhubali: The Beginning,2015,True,TheBox,Title+Year
Bāhubali 2: The Conclusion,2017,True,TheBox,Title+Year
Dangal,2016,False,—,None
The Creator,2023,True,JeSTeRPLeX,Title+Year
Sabrina,1995,True,JeSTeRPLeX,Title+Year
Sabrina,1954,True,JeSTeRPLeX,Title+Year
The Village,2004,False,—,None
Friday the 13th,1980,False,—,None
Prey,2022,True,TheBox,Title+Year
Judge Dredd,1995,False,—,None
"You, Me and Dupree",2006,True,JeSTeRPLeX,Title+Year
Fall,2022,True,"TheBox, JeSTeRPLeX",Title+Year
Raw,2016,True,TheBox,Title+Year
A Haunting in Venice,2023,True,"JeSTeRPLeX, Z'Films",Title+Year
So I Married an Axe Murderer,1993,True,JeSTeRPLeX,Title+Year
Mrs. Harris Goes to Paris,2022,True,JeSTeRPLeX,Title+Year
Priscilla,2023,False,—,None
When Evil Lurks,2023,False,—,None
The Wonderful Story of Henry Sugar,2023,True,JeSTeRPLeX,Title+Year
V/H/S/85,2023,False,—,None
The King of Comedy,1982,False,—,None
The Zone of Interest,2023,True,"TheBox, JeSTeRPLeX",Title+Year
[REC],2007,False,—,None
Winnie the Pooh: Blood and Honey,2023,False,—,None
Throne of Blood,1957,False,—,None
The Woodsman,2004,False,—,None
You Should Have Left,2020,False,—,None
Sugar & Spice,2001,True,TheBox,Title+Year
Licorice Pizza,2021,True,TheBox,Title+Year
Fresh,2022,False,—,None
The Babadook,2014,False,—,None
RRR,2022,True,"TheBox, Z'Films",Title+Year
Neon Genesis Evangelion: The End of Evangelion,1997,True,TheBox,Title+Year
Murder on the Orient Express,2017,True,"JeSTeRPLeX, Z'Films",Title+Year
Morbius,2022,True,"TheBox, JeSTeRPLeX",Title+Year
The Tragedy of Macbeth,2021,True,TheBox,Title+Year
Nimona,2023,True,JeSTeRPLeX,Title+Year
Phenomenon,1996,True,JeSTeRPLeX,Title+Year
Monsieur N.,2003,False,—,None
Sex Drive,2008,False,—,None
Runaway,1984,False,—,None
Trick or Treat,1986,False,—,None
The Ringmaster,2019,False,—,None
Incognito,1997,False,—,None
Rush,1991,False,—,None
Lost Boys: The Tribe,2008,False,—,None
Dark City,1998,False,—,None
Pearl,2022,False,—,None
The Devil All the Time,2020,False,—,None
The Last Duel,2021,False,—,None
Gangs of New York,2002,False,—,None
Thoroughbreds,2017,False,—,None
The Bling Ring,2013,False,—,None
The Wailing,2016,False,—,None
Cure,1997,True,TheBox,Title+Year
Ghost World,2001,False,—,None
A Girl Walks Home Alone at Night,2014,False,—,None
At Eternity's Gate,2018,True,JeSTeRPLeX,Title+Year
The Good Dinosaur,2015,True,"TheBox, JeSTeRPLeX",Title+Year
A Beautiful Day in the Neighborhood,2019,False,—,None
The Square,2017,False,—,None
Good Boys,2019,True,RipItGood,Fuzzy
Sucker Punch,2011,True,"RipItGood, JeSTeRPLeX",Title+Year
Creep,2014,False,—,None
I Saw the Devil,2010,False,—,None
A Cure for Wellness,2016,False,—,None
Helter Skelter,2012,False,—,None
Let Me In,2010,False,—,None
Life After Beth,2014,False,—,None
Dead Snow,2009,False,—,None
Normal People,2020,False,—,None
Searching for Sugar Man,2012,False,—,None
Mad God,2021,True,TheBox,Title+Year
Lagaan: Once Upon a Time in India,2001,True,TheBox,Title+Year
Thanksgiving,2023,False,—,None
Bringing Up Baby,1938,True,"TheBox, JeSTeRPLeX",Title+Year
Real Genius,1985,True,TheBox,Title+Year
Smile,2022,False,—,None
Jerry & Marge Go Large,2022,True,JeSTeRPLeX,Fuzzy
Saint Laurent,2014,False,—,None
Hell or High Water,2016,True,TheBox,Title+Year
A Fistful of Dollars,1964,True,"RipItGood, TheBox",Title+Year
Stagecoach,1939,True,JeSTeRPLeX,Title+Year
Natural Born Killers,1994,False,—,None
Gerald's Game,2017,False,—,None
Ocean's Thirteen,2007,True,"TheBox, JeSTeRPLeX, Z'Films",Title+Year
"Love, Simon",2018,False,—,None
Blue Is the Warmest Color,2013,False,—,None
The Piano Teacher,2001,False,—,None
But I'm a Cheerleader,1999,True,TheBox,Title+Year
Ghost Dog: The Way of the Samurai,1999,True,TheBox,Title+Year
May December,2023,False,—,None
Shin Godzilla,2016,True,TheBox,Title+Year
Godzilla Minus One,2023,True,TheBox,Title+Year
God,1998,False,—,None
Leave the World Behind,2023,False,—,None
Hannibal,2001,True,TheBox,Title+Year
Somm: Into the Bottle,2015,False,—,None
Somm III,2018,False,—,None
Somm: Cup of Salvation,2023,False,—,None
"Crazy, Stupid, Love.",2011,True,TheBox,Title+Year
Past Lives,2023,True,JeSTeRPLeX,Title+Year
Grosse Pointe Blank,1997,False,—,None
Crimes of the Future,2022,False,—,None
Death Wish,1974,False,—,None
Decision to Leave,2022,True,TheBox,Title+Year
Hugo,2011,True,"TheBox, JeSTeRPLeX",Title+Year
The Adam Project,2022,True,JeSTeRPLeX,Title+Year
Night of the Living Dead,1968,False,—,None
Harakiri,1962,False,—,None
Close,2022,False,—,None
Silence,2016,False,—,None
Hustle,2022,False,—,None
Mystic River,2003,False,—,None
Candyman,1992,False,—,None
Ikiru,1952,True,TheBox,Title+Year
Child's Play,1988,False,—,None
Terrifier,2016,False,—,None
Tangerine,2015,False,—,None
The Raid,2011,False,—,None
Seven Psychopaths,2012,False,—,None
A History of Violence,2005,True,"RipItGood, TheBox",Title+Year
Walk the Line,2005,True,"RipItGood, TheBox, JeSTeRPLeX",Title+Year
Hiroshima Mon Amour,1959,False,—,None
Spartacus,1960,True,JeSTeRPLeX,Title+Year
Killing Them Softly,2012,False,—,None
The Blue Caftan,2022,False,—,None
The Informant!,2009,True,RipItGood,Title+Year
The Cat in the Hat,2003,True,TheBox,Title+Year
Rubber,2010,True,TheBox,Title+Year
Death on the Nile,1978,True,"RipItGood, TheBox, Z'Films, JeSTeRPLeX",Fuzzy
Hellraiser,2022,True,TheBox,Fuzzy
Fire Island,2022,False,—,None
World of Tomorrow,2015,False,—,None
Kicking and Screaming,1995,True,TheBox,Title+Year
Jack Frost,1997,False,—,None
"Silent Night, Deadly Night",1984,False,—,None
Sole Survivor,1984,False,—,None
Krampus,2015,True,TheBox,Title+Year
Sick for Toys,2018,False,—,None
The Dead Zone,1983,False,—,None
Church of the Damned,1985,False,—,None
Night Terrors,2014,False,—,None
Zombie Death House,1988,False,—,None
Taking Sides,2001,False,—,None
Death in Venice,1971,False,—,None
Don't Be Afraid of the Dark,2010,False,—,None
Strange Behavior,1981,False,—,None
Capote,2005,False,—,None
The Malibu Bikini Shop,1986,False,—,None
Gorillas in the Mist,1988,False,—,None
Poor Things,2023,False,—,None
Last Flag Flying,2017,False,—,None
Small Soldiers,1998,False,—,None
Snake Eyes,1998,True,JeSTeRPLeX,Fuzzy
Maestro,2023,True,JeSTeRPLeX,Title+Year
Colors,1988,False,—,None
V,1983,False,—,None
Along Came a Spider,2001,True,RipItGood,Title+Year
Life of Brian,1979,False,—,None
Mary and Max,2009,True,TheBox,Title+Year
Gladiator,2000,True,"RipItGood, TheBox, JeSTeRPLeX, Z'Films",Title+Year
The Lord of the Rings: The Fellowship of the Ring,2001,True,"RipItGood, JeSTeRPLeX, Z'Films",Title+Year
The Lord of the Rings: The Two Towers,2002,True,"RipItGood, JeSTeRPLeX, Z'Films",Title+Year
The Lord of the Rings: The Return of the King,2003,True,"RipItGood, TheBox, JeSTeRPLeX, Z'Films",Title+Year
The Bucket List,2007,True,RipItGood,Title+Year
Tokyo Godfathers,2003,True,TheBox,Title+Year
Society of the Snow,2023,True,TheBox,Title+Year
Stargate,1994,True,JeSTeRPLeX,Title+Year
Mean Girls,2024,True,JeSTeRPLeX,Title+Year
Monster,2023,False,—,None
Rye Lane,2023,True,TheBox,Title+Year
Glass,2019,True,JeSTeRPLeX,Title+Year
Unbreakable,2000,True,JeSTeRPLeX,Title+Year
The Visit,2015,True,RipItGood,Fuzzy
Marrowbone,2017,False,—,None
Country Strong,2010,True,"RipItGood, TheBox",Title+Year
The Babysitter,2017,False,—,None
The Babysitter: Killer Queen,2020,False,—,None
Stuck on You,2003,True,JeSTeRPLeX,Title+Year
Infamous,2020,False,—,None
Girl,2020,False,—,None
Habit,2021,False,—,None
Theater Camp,2023,True,JeSTeRPLeX,Title+Year
I.S.S.,2023,True,JeSTeRPLeX,Fuzzy
The Bélier Family,2014,False,—,None
Serial (Bad) Weddings,2014,False,—,None
What's in a Name,2012,False,—,None
War of the Buttons,2011,False,—,None
Welcome to the Sticks,2008,False,—,None
The Chorus,2004,False,—,None
The Dinner Game,1998,False,—,None
Family Resemblances,1996,False,—,None
Nikita,1990,False,—,None
Life Is a Long Quiet River,1988,False,—,None
Au Revoir les Enfants,1987,False,—,None
Jean de Florette,1986,False,—,None
Manon of the Spring,1986,False,—,None
Santa Claus Is a Stinker,1985,False,—,None
La Chèvre,1981,False,—,None
French Fried Vacation,1978,False,—,None
Pierrot le Fou,1965,False,—,None
The Rules of the Game,1939,False,—,None
Children of Paradise,1945,False,—,None
Iron Eagle,1986,False,—,None
Push,2009,True,JeSTeRPLeX,Title+Year
Columbus,2017,False,—,None
Lemonade Mouth,2011,False,—,None
The Iron Claw,2023,False,—,None
"Angus, Thongs and Perfect Snogging",2008,True,RipItGood,Title+Year
Mandy,2018,True,TheBox,Title+Year
Dream Scenario,2023,True,TheBox,Title+Year
Bringing Out the Dead,1999,True,TheBox,Title+Year
Willy's Wonderland,2021,True,JeSTeRPLeX,Title+Year
Knowing,2009,True,JeSTeRPLeX,Title+Year
Grindhouse,2007,False,—,None
Gone in Sixty Seconds,2000,False,—,None
Vampire's Kiss,1988,False,—,None
8MM,1999,False,—,None
Matchstick Men,2003,True,JeSTeRPLeX,Title+Year
The Wicker Man,2006,True,TheBox,Fuzzy
Bad Lieutenant: Port of Call – New Orleans,2009,True,RipItGood,Fuzzy
Prisoners of the Ghostland,2021,True,JeSTeRPLeX,Title+Year
Peggy Sue Got Married,1986,False,—,None
Next,2007,True,JeSTeRPLeX,Title+Year
Joe,2013,False,—,None
World Trade Center,2006,False,—,None
Drive Angry,2011,False,—,None
Season of the Witch,2011,True,JeSTeRPLeX,Title+Year
Red Rock West,1993,False,—,None
The Cotton Club,1984,False,—,None
Fright Night,2011,False,—,None
Birdy,1984,True,RipItGood,Title+Year
Windtalkers,2002,False,—,None
Dog Eat Dog,2016,False,—,None
The Frozen Ground,2013,False,—,None
Sympathy for the Devil,2023,False,—,None
Left Behind,2014,True,JeSTeRPLeX,Title+Year
Dying of the Light,2014,False,—,None
Jiu Jitsu,2020,False,—,None
The Trust,2016,False,—,None
Bangkok Dangerous,2008,False,—,None
The Retirement Plan,2023,False,—,None
Brubaker,1980,False,—,None
Trapped in Paradise,1994,False,—,None
Never on Tuesday,1989,False,—,None
Guarding Tess,1994,True,RipItGood,Title+Year
"Planes, Trains and Automobiles",1987,True,RipItGood,Fuzzy
The Last Temptation of Christ,1988,False,—,None
Scanners,1981,False,—,None
Sleepaway Camp,1983,True,TheBox,Title+Year
Hairspray,1988,True,RipItGood,Title+Year
Splash,1984,True,"RipItGood, TheBox",Title+Year
The Toxic Avenger,1984,False,—,None
Hell House LLC Origins: The Carmichael Manor,2023,False,—,None
My Best Friend's Wedding,1997,True,JeSTeRPLeX,Title+Year
All of Us Strangers,2023,False,—,None
I Saw the TV Glow,2024,False,—,None
Dìdi (弟弟),2024,False,—,None
Hot Potato: The Story of The Wiggles,2023,False,—,None
Eileen,2023,True,TheBox,Title+Year
Sanctuary,2022,True,TheBox,Fuzzy
Argylle,2024,True,JeSTeRPLeX,Title+Year
Never Been Kissed,1999,True,JeSTeRPLeX,Title+Year
He's Just Not That Into You,2009,True,"RipItGood, TheBox, JeSTeRPLeX",Title+Year
The Holdovers,2023,True,TheBox,Title+Year
Pride & Prejudice,2005,True,"RipItGood, TheBox, JeSTeRPLeX",Title+Year
Manchester by the Sea,2016,False,—,None
Frances Ha,2012,True,TheBox,Fuzzy
Palm Springs,2020,False,—,None
Elemental,2023,True,JeSTeRPLeX,Title+Year
Finding Dory,2016,True,JeSTeRPLeX,Title+Year
"Red, White & Royal Blue",2023,False,—,None
Me Before You,2016,True,"JeSTeRPLeX, Z'Films",Title+Year
Paths of Glory,1957,False,—,None
Funny Games,1997,False,—,None
BEEF,2023,False,—,None
Inherent Vice,2014,True,TheBox,Title+Year
Rope,1948,False,—,None
Atomic Blonde,2017,False,—,None
Possessor,2020,True,TheBox,Title+Year
Popstar: Never Stop Never Stopping,2016,False,—,None
Ferrari,2023,False,—,None
My Life as a Zucchini,2016,True,JeSTeRPLeX,Title+Year
Trick 'r Treat,2007,False,—,None
Amour,2012,False,—,None
The Meyerowitz Stories (New and Selected),2017,False,—,None
Where the Wild Things Are,2009,True,"RipItGood, JeSTeRPLeX",Title+Year
Cloud Atlas,2012,False,—,None
Kimi,2022,False,—,None
The Strangers,2008,False,—,None
Scary Stories to Tell in the Dark,2019,False,—,None
From Up on Poppy Hill,2011,True,Z'Films,Title+Year
Mr. Nobody,2009,False,—,None
You're Next,2011,False,—,None
Barton Fink,1991,False,—,None
The Double Life of Véronique,1991,False,—,None
The Equalizer,2014,False,—,None
Detachment,2011,False,—,None
The New Mutants,2020,True,JeSTeRPLeX,Title+Year
Dumb Money,2023,False,—,None
The Crow,1994,True,TheBox,Title+Year
Rocky IV,1985,True,"JeSTeRPLeX, Z'Films",Title+Year
The Last Samurai,2003,True,JeSTeRPLeX,Title+Year
A Cinderella Story,2004,True,"RipItGood, JeSTeRPLeX, Z'Films",Title+Year
Southpaw,2015,False,—,None
The Hunt,2020,False,—,None
Harold and Maude,1971,False,—,None
Locke,2013,False,—,None
The Lives of Others,2006,False,—,None
Ginger Snaps,2000,True,TheBox,Title+Year
Philadelphia,1993,True,RipItGood,Title+Year
The Basketball Diaries,1995,False,—,None
The Girl on the Train,2016,False,—,None
Wild Child,2008,False,—,None
Focus,2015,False,—,None
Pulse,2001,False,—,None
Mad Max 2,1981,False,—,None
One Cut of the Dead,2017,False,—,None
Charade,1963,False,—,None
Watcher,2022,False,—,None
Rocky III,1982,True,"JeSTeRPLeX, Z'Films",Title+Year
Happy Death Day 2U,2019,False,—,None
We're All Going to the World's Fair,2021,True,TheBox,Title+Year
Dawn of the Dead,2004,False,—,None
Holidate,2020,False,—,None
Baywatch,2017,False,—,None
Texas Chainsaw 3D,2013,False,—,None
As Good as It Gets,1997,True,JeSTeRPLeX,Title+Year
Bronson,2008,False,—,None
Caché,2005,False,—,None
Bone Tomahawk,2015,False,—,None
Guy Ritchie's The Covenant,2023,False,—,None
Valerian and the City of a Thousand Planets,2017,True,JeSTeRPLeX,Title+Year
Benedetta,2021,True,TheBox,Title+Year
The Road,2009,True,RipItGood,Fuzzy
Phantom of the Paradise,1974,False,—,None
Frank,2014,False,—,None
Spiderhead,2022,True,TheBox,Title+Year
Kill Your Darlings,2013,False,—,None
Ninety-Five Senses,2022,False,—,None
Whip It,2009,True,JeSTeRPLeX,Title+Year
The Accountant,2016,False,—,None
Demolition,2015,False,—,None
Onibaba,1964,True,TheBox,Title+Year
Prince of Darkness,1987,True,TheBox,Title+Year
Mud,2012,False,—,None
Circle,2015,False,—,None
Pink Flamingos,1972,True,TheBox,Title+Year
The Rocker,2008,True,"TheBox, JeSTeRPLeX",Title+Year
Highlander,1986,False,—,None
Bottoms,2023,True,TheBox,Title+Year
Bodies Bodies Bodies,2022,True,TheBox,Title+Year
Memories of Murder,2003,True,TheBox,Title+Year
Evil Dead Rise,2023,False,—,None
Dungeons & Dragons: Honor Among Thieves,2023,True,"TheBox, JeSTeRPLeX, Z'Films",Title+Year
Matilda,1996,True,"RipItGood, Z'Films",Title+Year
Knock at the Cabin,2023,True,TheBox,Title+Year
Honeymoon in Vegas,1992,False,—,None
Spy Hard,1996,False,—,None
Strangers on a Train,1951,False,—,None
A Line Across the Sky,2015,False,—,None
Occupied City,2023,True,JeSTeRPLeX,Title+Year
Saved By The Bell: Hawaiian Style,1992,False,—,None
Saved by the Bell: Wedding in Las Vegas,1994,False,—,None
The Stranger Beside Me,1995,False,—,None
Showdown at Horseshoe Hell,2015,False,—,None
Whitney,2018,False,—,None
My Left Foot: The Story of Christy Brown,1989,False,—,None
Guncrazy,1992,False,—,None
Dan in Real Life,2007,True,"RipItGood, JeSTeRPLeX",Title+Year
Drive-Away Dolls,2024,True,TheBox,Title+Year
Love Lies Bleeding,2024,False,—,None
I Like Movies,2022,False,—,None
The Man Who Killed Hitler and Then the Bigfoot,2018,False,—,None
Blood Quantum,2019,False,—,None
Wings,1927,False,—,None
The Longest Day,1962,True,"RipItGood, TheBox, JeSTeRPLeX",Title+Year
Volcano,1997,False,—,None
Dune: Part Two,2024,True,"JeSTeRPLeX, Z'Films",Title+Year
Anyone But You,2023,True,TheBox,Title+Year
Five Nights at Freddy's,2023,True,JeSTeRPLeX,Title+Year
Godzilla vs. Kong,2021,True,JeSTeRPLeX,Title+Year
Perfect Days,2023,False,—,None
Metropolis,1927,False,—,None
Candyman,2021,False,—,None
Once Upon a Time in America,1984,True,"RipItGood, TheBox",Fuzzy
Godzilla: King of the Monsters,2019,True,JeSTeRPLeX,Title+Year
The Professor and the Madman,2019,False,—,None
Monkey Man,2024,False,—,None
Love & Basketball,2000,False,—,None
The Mighty Quinn,1989,True,TheBox,Title+Year
Who's the Man?,1993,True,TheBox,Title+Year
Arsenic and Old Lace,1944,True,TheBox,Title+Year
Matinee,1993,True,TheBox,Title+Year
Hell House LLC,2015,False,—,None
Audition,1999,False,—,None
The Skin I Live In,2011,False,—,None
The Purge,2013,False,—,None
Fantastic Planet,1973,True,TheBox,Title+Year
Fear Street: 1666,2021,False,—,None
Bicycle Thieves,1948,False,—,None
Skinamarink,2022,True,TheBox,Fuzzy
Freaky,2020,False,—,None
The Woman in the Window,2021,False,—,None
Roadrunner: A Film About Anthony Bourdain,2021,False,—,None
The Maltese Falcon,1941,True,RipItGood,Title+Year
East of Eden,1955,False,—,None
Movie 43,2013,False,—,None
The End of the Tour,2015,True,JeSTeRPLeX,Fuzzy
42,2013,True,"RipItGood, TheBox, JeSTeRPLeX",Title+Year
Ms .45,1981,False,—,None
Monos,2019,False,—,None
The Doors,1991,False,—,None
Fear,1996,False,—,None
Urban Legend,1998,False,—,None
Le Cercle Rouge,1970,False,—,None
Judy,2019,False,—,None
The Transporter,2002,True,"TheBox, JeSTeRPLeX",Title+Year
Matthias & Maxime,2019,False,—,None
The To Do List,2013,False,—,None
What Women Want,2000,True,JeSTeRPLeX,Title+Year
The Lincoln Lawyer,2011,True,RipItGood,Title+Year
The Giver,2014,True,JeSTeRPLeX,Title+Year
The Grapes of Wrath,1940,True,JeSTeRPLeX,Title+Year
Brüno,2009,False,—,None
La Chinoise,1967,False,—,None
Legend,1985,False,—,None
She's Gotta Have It,1986,False,—,None
Tales from Earthsea,2006,True,"JeSTeRPLeX, Z'Films",Title+Year
The Report,2019,False,—,None
Haunt,2019,False,—,None
The Ugly Truth,2009,True,"RipItGood, TheBox",Title+Year
Midnight Special,2016,False,—,None
Bowling for Columbine,2002,False,—,None
Steel Magnolias,1989,True,"RipItGood, JeSTeRPLeX",Title+Year
Mainstream,2020,False,—,None
Gangster Squad,2013,False,—,None
Witness,1985,False,—,None
News of the World,2020,True,JeSTeRPLeX,Title+Year
"Me, Myself & Irene",2000,True,"RipItGood, TheBox",Title+Year
Half Nelson,2006,False,—,None
Murder on the Orient Express,1974,True,"Z'Films, JeSTeRPLeX",Fuzzy
Secret Window,2004,True,RipItGood,Title+Year
The Map of Tiny Perfect Things,2021,True,JeSTeRPLeX,Title+Year
Inside,2023,False,—,None
Smiley Face,2007,True,TheBox,Title+Year
The Book Thief,2013,True,JeSTeRPLeX,Title+Year
Anger Management,2003,True,JeSTeRPLeX,Title+Year
Safety Not Guaranteed,2012,False,—,None
Angst,1983,False,—,None
The First Omen,2024,False,—,None
Brawl in Cell Block 99,2017,False,—,None
Watching the Detectives,2007,False,—,None
Sans Soleil,1983,False,—,None
This Place Rules,2022,False,—,None
Self Reliance,2023,False,—,None
The Quick and the Dead,1995,True,RipItGood,Title+Year
Orlando,1992,False,—,None
Problemista,2023,False,—,None
"Spring, Summer, Fall, Winter... and Spring",2003,False,—,None
Song to Song,2017,False,—,None
Hostiles,2017,False,—,None
Live Free or Die Hard,2007,True,"RipItGood, JeSTeRPLeX",Title+Year
The Pacifier,2005,True,"RipItGood, TheBox, JeSTeRPLeX",Title+Year
Army of Shadows,1969,False,—,None
The Blackcoat's Daughter,2015,False,—,None
Jackass Number Two,2006,True,TheBox,Title+Year
The Tourist,2010,True,JeSTeRPLeX,Title+Year
Family Switch,2023,True,JeSTeRPLeX,Title+Year
High Noon,1952,False,—,None
Creepshow,1982,False,—,None
Demolition Man,1993,False,—,None
Freedom Writers,2007,True,JeSTeRPLeX,Title+Year
Polytechnique,2009,False,—,None
Civil War,2024,True,TheBox,Title+Year
La Chimera,2023,False,—,None
Nick and Norah's Infinite Playlist,2008,True,"TheBox, JeSTeRPLeX",Title+Year
Last Action Hero,1993,False,—,None
Ip Man,2008,True,Z'Films,Title+Year
The Innocents,2021,False,—,None
The Hills Have Eyes,2006,True,RipItGood,Title+Year
The Muppet Movie,1979,True,JeSTeRPLeX,Title+Year
The Grudge,2004,True,"RipItGood, TheBox",Title+Year
No Sudden Move,2021,False,—,None
The Witches of Eastwick,1987,False,—,None
The Final Girls,2015,False,—,None
Jane Eyre,2011,True,"TheBox, JeSTeRPLeX",Title+Year
Operation Fortune: Ruse de Guerre,2023,False,—,None
The Slumber Party Massacre,1982,False,—,None
In the Name of the Father,1993,False,—,None
Crank,2006,True,RipItGood,Title+Year
Le Bonheur,1965,False,—,None
Predator 2,1990,True,TheBox,Title+Year
Free Fire,2016,False,—,None
The Voyeurs,2021,False,—,None
Heavenly Creatures,1994,False,—,None
Maniac,2018,False,—,None
Birth,2004,False,—,None
Salt,2010,True,"RipItGood, JeSTeRPLeX",Title+Year
Phenomena,1985,False,—,None
When They See Us,2019,False,—,None
Dogma,1999,False,—,None
The Hunger,1983,False,—,None
Walk Hard: The Dewey Cox Story,2007,False,—,None
Vengeance,2022,False,—,None
Saving Mr. Banks,2013,True,"RipItGood, JeSTeRPLeX",Title+Year
Michael Clayton,2007,False,—,None
Hotel Rwanda,2004,True,JeSTeRPLeX,Fuzzy
Richard Jewell,2019,False,—,None
A Fish Called Wanda,1988,False,—,None
The Kings of Summer,2013,False,—,None
Phone Booth,2002,False,—,None
The House of the Devil,2009,False,—,None
I Origins,2014,False,—,None
The Passion of the Christ,2004,True,JeSTeRPLeX,Title+Year
Can You Ever Forgive Me?,2018,False,—,None
Leave No Trace,2018,False,—,None
Grizzly Man,2005,False,—,None
Senior Year,2022,False,—,None
Strange Days,1995,False,—,None
Next Goal Wins,2023,True,"TheBox, JeSTeRPLeX",Title+Year
"Yes, God, Yes",2019,False,—,None
The Perfection,2018,False,—,None
The Descendants,2011,False,—,None
The Vast of Night,2019,False,—,None
She Said,2022,False,—,None
The Book of Eli,2010,True,RipItGood,Title+Year
The Devils,1971,False,—,None
Man on the Moon,1999,False,—,None
Triangle,2009,False,—,None
Identity,2003,False,—,None
Joy,2015,True,JeSTeRPLeX,Title+Year
Coach Carter,2005,True,"RipItGood, TheBox, JeSTeRPLeX, Z'Films",Title+Year
Planet Terror,2007,False,—,None
John Tucker Must Die,2006,True,JeSTeRPLeX,Title+Year
Night at the Museum: Secret of the Tomb,2014,True,JeSTeRPLeX,Title+Year
Monte Carlo,2011,True,JeSTeRPLeX,Title+Year
Foe,2023,False,—,None
Spielberg,2017,False,—,None
J. Edgar,2011,False,—,None
Total Eclipse,1995,False,—,None
The Man in the Iron Mask,1998,False,—,None
All Quiet on the Western Front,1930,True,TheBox,Fuzzy
Pink Floyd: The Wall,1982,False,—,None
The Color of Money,1986,False,—,None
Galaxy Quest,1999,True,Z'Films,Title+Year
The Empty Man,2020,False,—,None
"Good Bye, Lenin!",2003,False,—,None
Downfall,2004,False,—,None
The Girl Next Door,2004,True,RipItGood,Title+Year
Attack the Block,2011,False,—,None
Diabolique,1955,False,—,None
Dolemite Is My Name,2019,True,TheBox,Title+Year
Brightburn,2019,False,—,None
Moonage Daydream,2022,False,—,None
Ben-Hur,1959,True,"TheBox, JeSTeRPLeX, Z'Films",Title+Year
Killer Klowns from Outer Space,1988,False,—,None
Freddy vs. Jason,2003,True,TheBox,Title+Year
Legend,2015,False,—,None
The Sacrifice,1986,False,—,None
Holy Motors,2012,False,—,None
The Discreet Charm of the Bourgeoisie,1972,False,—,None
Nowhere,1997,False,—,None
Personal Shopper,2016,False,—,None
Gone Baby Gone,2007,True,RipItGood,Title+Year
A Nightmare on Elm Street Part 2: Freddy's Revenge,1985,True,TheBox,Fuzzy
Tombstone,1993,True,RipItGood,Title+Year
Red Sparrow,2018,False,—,None
Friday the 13th Part 2,1981,False,—,None
The Searchers,1956,True,JeSTeRPLeX,Title+Year
Pride,2014,True,RipItGood,Fuzzy
The Good Nurse,2022,False,—,None
Easy Rider,1969,False,—,None
Ricky Stanicky,2024,False,—,None
The Eyes of Tammy Faye,2021,False,—,None
Godzilla,1954,True,TheBox,Title+Year
Ruby Sparks,2012,False,—,None
Revolutionary Road,2008,False,—,None
Ghostbusters II,1989,True,"RipItGood, TheBox, JeSTeRPLeX",Title+Year
Bonnie and Clyde,1967,False,—,None
Avatar Spirits,2010,False,—,None
Son of Rambow,2007,False,—,None
Poolhall Junkies,2002,False,—,None
Interstate 60,2002,False,—,None
The Rum Diary,2011,False,—,None
The Legend of Billie Jean,1985,False,—,None
The Hoax,2006,False,—,None
Career Opportunities,1991,True,TheBox,Title+Year
Swimming with Sharks,1994,False,—,None
I'm Still Here,2010,False,—,None
Men at Work,1990,True,JeSTeRPLeX,Title+Year
The Anarchist Cookbook,2002,False,—,None
Breakfast of Champions,1999,False,—,None
Keanu,2016,False,—,None
Pretend It's a City,2021,False,—,None
Dream a Little Dream,1989,False,—,None
Lucky Numbers,2000,False,—,None
Mischief,1985,False,—,None
Hector and the Search for Happiness,2014,False,—,None
Cooley High,1975,False,—,None
Human Nature,2001,False,—,None
License to Drive,1988,False,—,None
Stretch,2014,False,—,None
Leaves of Grass,2009,False,—,None
Private Resort,1985,False,—,None
My Science Project,1985,False,—,None
Nothing,2003,False,—,None
Gridlock'd,1997,False,—,None
Mr. Magorium's Wonder Emporium,2007,True,JeSTeRPLeX,Title+Year
Monkeybone,2001,True,RipItGood,Title+Year
Hudson Hawk,1991,False,—,None
Take Me Home Tonight,2011,False,—,None
House Party,1990,False,—,None
S1m0ne,2002,False,—,None
Suicide Kings,1997,False,—,None
The Dish,2000,False,—,None
"Surfer, Dude",2008,True,RipItGood,Title+Year
The Lost City,2022,True,JeSTeRPLeX,Title+Year
Road House,2024,True,TheBox,Fuzzy
Gone with the Wind,1939,True,"RipItGood, JeSTeRPLeX",Title+Year
Anna Karenina,2012,False,—,None
Event Horizon,1997,True,TheBox,Title+Year
The Long Goodbye,1973,False,—,None
The Wonder,2022,False,—,None
Bound,1996,False,—,None
Rocky II,1979,True,"JeSTeRPLeX, Z'Films",Title+Year
Uptown Girls,2003,True,JeSTeRPLeX,Title+Year
Inside Man,2006,True,"RipItGood, TheBox",Title+Year
The Night House,2020,False,—,None
Death Becomes Her,1992,False,—,None
The Autopsy of Jane Doe,2016,False,—,None
Red Eye,2005,True,"RipItGood, JeSTeRPLeX",Title+Year
Scent of a Woman,1992,False,—,None
The Invitation,2015,False,—,None
Cruel Intentions,1999,False,—,None
Jackass Forever,2022,True,TheBox,Title+Year
Network,1976,False,—,None
A Man Called Otto,2022,False,—,None
The Dreamers,2003,False,—,None
The Postman Always Rings Twice,1946,False,—,None
The Postman Always Rings Twice,1981,False,—,None
I May Destroy You,2020,False,—,None
Garth Marenghi's Darkplace,2004,False,—,None
Baseball,1994,False,—,None
"Tyler, The Creator - Live: Call Me If You Get Lost",2022,False,—,None
The Natural,1984,True,JeSTeRPLeX,Title+Year
The Face of Another,1966,False,—,None
The Life and Death of Colonel Blimp,1943,False,—,None
A Matter of Life and Death,1946,False,—,None
Mishima: A Life in Four Chapters,1985,False,—,None
This Is Going to Hurt,2022,False,—,None
Sharp Objects,2018,False,—,None
The Story of Film: An Odyssey,2011,False,—,None
LIGHT & MAGIC,2022,False,—,None
Pride and Prejudice,1995,False,—,None
The Bob Emergency,2019,False,—,None
Samsara,2011,False,—,None
The Night Of,2016,False,—,None
Unbelievable,2019,False,—,None
Chunky Shrapnel,2020,False,—,None
"They Shoot Horses, Don't They?",1969,False,—,None
GODSPEED,2020,False,—,None
Little Women,2019,True,JeSTeRPLeX,Title+Year
Country Music,2019,False,—,None
Minari,2020,True,"TheBox, JeSTeRPLeX",Title+Year
Mangrove,2020,False,—,None
Saw,2004,True,"RipItGood, TheBox",Title+Year
The 36th Chamber of Shaolin,1978,False,—,None
20th Century Women,2016,True,TheBox,Title+Year
Evil Dead II,1987,False,—,None
Dawn of the Dead,1978,False,—,None
Train to Busan,2016,False,—,None
Repulsion,1965,False,—,None
Angel Dust,1994,False,—,None
The Tenant,1976,False,—,None
Inland Empire,2006,False,—,None
The Return of the Living Dead,1985,False,—,None
The Haunting,1963,False,—,None
Thirst,2009,False,—,None
The Hunchback of Notre Dame,1939,True,"RipItGood, Z'Films, JeSTeRPLeX",Fuzzy
Godzilla vs. Destoroyah,1995,False,—,None
Dr. Jekyll and Mr. Hyde,1931,False,—,None
Tenebre,1982,False,—,None
The Fall of the House of Usher,1928,False,—,None
The Phantom of the Opera,1925,True,"TheBox, Z'Films, JeSTeRPLeX",Fuzzy
Cemetery Man,1994,False,—,None
Dogra Magra,1988,False,—,None
Blind Beast,1969,False,—,None
Retribution,2006,False,—,None
August in the Water,1995,False,—,None
2046,2004,False,—,None
Dirty Computer,2018,False,—,None
Nomadland,2020,False,—,None
Million Dollar Baby,2004,True,"RipItGood, JeSTeRPLeX",Title+Year
My Fair Lady,1964,True,JeSTeRPLeX,Title+Year
Tom Jones,1963,False,—,None
Gigi,1958,False,—,None
Around the World in 80 Days,1956,True,JeSTeRPLeX,Title+Year
Atonement,2007,True,"RipItGood, TheBox",Title+Year
Sense and Sensibility,1995,True,JeSTeRPLeX,Title+Year
Bugsy,1991,False,—,None
Out of Africa,1985,True,RipItGood,Title+Year
Doctor Zhivago,1965,True,JeSTeRPLeX,Title+Year
Gentleman's Agreement,1947,False,—,None
Green Card,1990,False,—,None
Prizzi's Honor,1985,False,—,None
Yentl,1983,False,—,None
Arthur,1981,True,TheBox,Title+Year
Coal Miner's Daughter,1980,True,RipItGood,Title+Year
Breaking Away,1979,False,—,None
A Star Is Born,1976,True,JeSTeRPLeX,Title+Year
The Sunshine Boys,1975,False,—,None
The Longest Yard,1974,True,"RipItGood, TheBox, Z'Films, JeSTeRPLeX",Fuzzy
Fiddler on the Roof,1971,True,"RipItGood, JeSTeRPLeX, Z'Films",Title+Year
The Music Man,1962,True,JeSTeRPLeX,Title+Year
Guys and Dolls,1955,True,JeSTeRPLeX,Title+Year
The Ministry of Ungentlemanly Warfare,2024,True,JeSTeRPLeX,Title+Year
Funny Girl,1968,True,JeSTeRPLeX,Title+Year
Wonka,2023,True,"JeSTeRPLeX, Z'Films",Title+Year
His Girl Friday,1940,True,TheBox,Title+Year
My Man Godfrey,1936,False,—,None
The Hand That Rocks the Cradle,1992,False,—,None
Ball of Fire,1941,True,TheBox,Title+Year
The Fall Guy,2024,True,"JeSTeRPLeX, Z'Films",Title+Year
The Shitthropocene,2024,False,—,None
One Small Visit,2022,False,—,None
The Animal,2001,False,—,None
I.Q.,1994,False,—,None
Sybil,1976,False,—,None
Sybil,2007,False,—,None
Grumpy Old Men,1993,True,"RipItGood, TheBox",Title+Year
Grumpier Old Men,1995,True,TheBox,Title+Year
Megalopolis,2024,False,—,None
Solaris,2002,False,—,None
Another Earth,2011,False,—,None
Death Sentence,2007,True,RipItGood,Title+Year
Lucky Number Slevin,2006,True,RipItGood,Title+Year
Observe and Report,2009,True,TheBox,Title+Year
Public Enemies,2009,True,RipItGood,Title+Year
The 6th Day,2000,True,JeSTeRPLeX,Title+Year
The Arrival,1996,False,—,None
BASEketball,1998,False,—,None
The Beaver,2011,True,RipItGood,Title+Year
Blood Work,2002,False,—,None
Child 44,2015,False,—,None
Chillerama,2011,False,—,None
Fallen,1998,True,JeSTeRPLeX,Fuzzy
The Family Stone,2005,True,JeSTeRPLeX,Title+Year
The Gambler,2014,False,—,None
John Dies at the End,2012,False,—,None
Knockaround Guys,2001,False,—,None
Last Man Standing,1996,True,"RipItGood, TheBox",Title+Year
Paper Man,2009,False,—,None
Red State,2011,False,—,None
RoboCop,2014,True,JeSTeRPLeX,Title+Year
Savages,2012,False,—,None
Smokin' Aces,2006,True,RipItGood,Title+Year
The Taking of Pelham One Two Three,1974,False,—,None
Thirteen Lives,2022,True,JeSTeRPLeX,Title+Year
Frost/Nixon,2008,True,RipItGood,Title+Year
Bamboozled,2000,False,—,None
Dillinger,1973,True,"RipItGood, TheBox",Title+Year
The Exorcist III,1990,False,—,None
We Own the Night,2007,True,"RipItGood, TheBox",Title+Year
Mister Lonely,2007,False,—,None
Tommy,1975,False,—,None
Year of the Dragon,1985,False,—,None
Kundun,1997,False,—,None
M. Butterfly,1993,False,—,None
The Frighteners,1996,False,—,None
The Brothers Bloom,2008,False,—,None
World's Greatest Dad,2009,False,—,None
Stay,2005,False,—,None
The Rocketeer,1991,True,"TheBox, JeSTeRPLeX",Title+Year
Q & A,1990,False,—,None
The Edge,1997,True,JeSTeRPLeX,Title+Year
Life,1999,True,TheBox,Fuzzy
We Were Soldiers,2002,True,RipItGood,Title+Year
Déjà Vu,2006,False,—,None
Hang 'em High,1968,False,—,None
Father Brown,1954,False,—,None
What Dreams May Come,1998,True,"TheBox, JeSTeRPLeX",Title+Year
Bowfinger,1999,True,JeSTeRPLeX,Title+Year
This Must Be the Place,2011,False,—,None
The Good Thief,2002,False,—,None
The Legend of Hell House,1973,False,—,None
Passage to Marseille,1944,False,—,None
The Missouri Breaks,1976,False,—,None
Valhalla Rising,2009,False,—,None
Hour of the Gun,1967,False,—,None
Everything You Always Wanted to Know About Sex *But Were Afraid to Ask,1972,False,—,None
Alpha Dog,2006,True,"RipItGood, TheBox",Title+Year
Body Snatchers,1993,False,—,None
The Infiltrator,2016,False,—,None
That Thing You Do!,1996,True,"TheBox, JeSTeRPLeX",Title+Year
Your Honor,2020,False,—,None
Flight of the Navigator,1986,True,JeSTeRPLeX,Title+Year
The Cooler,2003,False,—,None
The Spanish Prisoner,1997,False,—,None
Single White Female,1992,False,—,None
Major League,1989,True,JeSTeRPLeX,Fuzzy
Only the Strong,1993,False,—,None
Bedazzled,2000,True,"RipItGood, JeSTeRPLeX",Title+Year
THX 1138,1971,False,—,None
Outbreak,1995,False,—,None
Presumed Innocent,1990,False,—,None
Porky's,1981,False,—,None
The Last American Virgin,1982,False,—,None
Bachelor Party,1984,False,—,None
Run Lola Run,1998,False,—,None
My Favorite Martian,1999,False,—,None
The Contestant,2023,False,—,None
No Way Up,2024,False,—,None
The Crying Game,1992,False,—,None
High Spirits,1988,False,—,None
We're No Angels,1989,False,—,None
Angel,1982,False,—,None
Fine Lines,2019,True,JeSTeRPLeX,Title+Year
Bicentennial Man,1999,True,JeSTeRPLeX,Title+Year
Wag the Dog,1997,False,—,None
Absolutely Anything,2015,False,—,None
Kinds of Kindness,2024,False,—,None
Confessions of a Good Samaritan,2023,False,—,None
Troop Beverly Hills,1989,False,—,None
The Day After,1983,False,—,None
The Kid with X-Ray Eyes,1999,False,—,None
Lost Ladies,2023,False,—,None
The Missing,2023,False,—,None
Challengers,2024,False,—,None
Ghostlight,2024,False,—,None
Manjummel Boys,2024,False,—,None
The Count of Monte Cristo,2024,True,Z'Films,Title+Year
Aavesham,2024,False,—,None
Riddle of Fire,2023,False,—,None
Amar Singh Chamkila,2024,False,—,None
Chime,2024,False,—,None
MaXXXine,2024,False,—,None
Sleepover,2004,True,RipItGood,Title+Year
The Master,2012,True,JeSTeRPLeX,Fuzzy
She-Devil,1989,False,—,None
The Grifters,1990,False,—,None
Hillbilly Elegy,2020,False,—,None
The House Bunny,2008,True,"RipItGood, JeSTeRPLeX",Title+Year
Gifted,2017,True,JeSTeRPLeX,Title+Year
Boomerang,1992,False,—,None
A Thin Line Between Love and Hate,1996,False,—,None
Take Me Out to the Ball Game,1949,False,—,None
The Las Vegas Story,1952,False,—,None
The Sugarland Express,1974,False,—,None
Trap,2024,True,JeSTeRPLeX,Title+Year
The Allnighter,1987,False,—,None
What About Bob?,1991,True,JeSTeRPLeX,Title+Year
Furiosa: A Mad Max Saga,2024,True,"TheBox, JeSTeRPLeX, Z'Films",Title+Year
Toy Story 4,2019,True,"TheBox, JeSTeRPLeX",Title+Year
Critters,1986,False,—,None
Maniac,1980,False,—,None
The Prowler,1981,False,—,None
The Deadly Spawn,1983,False,—,None
The Burning,1981,False,—,None
The Abomination,1988,False,—,None
Just Before Dawn,1981,False,—,None
The Dead Pit,1989,False,—,None
Jade,1995,False,—,None
The Undefeated,1969,True,"RipItGood, JeSTeRPLeX",Title+Year
Entrapment,1999,True,JeSTeRPLeX,Title+Year
Shallow Hal,2001,True,"RipItGood, JeSTeRPLeX",Title+Year
The Island,2005,True,"RipItGood, TheBox, JeSTeRPLeX",Title+Year
Outland,1981,False,—,None
Unseen,2023,False,—,None
Class,1983,False,—,None
All the Right Moves,1983,False,—,None
26.2 to Life,2022,False,—,None
Hard Miles,2023,False,—,None
Holy Frit,2021,False,—,None
One Life,2023,True,JeSTeRPLeX,Title+Year
Nothing But Trouble,1991,True,"RipItGood, TheBox",Title+Year
Lost Soul: The Doomed Journey of Richard Stanley's Island of Dr. Moreau,2014,False,—,None
The Century of the Self,2002,False,—,None
How to Draw a Bunny,2002,False,—,None
Dangerous Knowledge,2007,False,—,None
The Immortalists,2014,False,—,None
Fractals: Hunting the Hidden Dimension,2008,False,—,None
The Barkley Marathons: The Race That Eats Its Young,2014,False,—,None
Tickled,2016,False,—,None
It Might Get Loud,2008,False,—,None
It's My Turn,1980,False,—,None
The Day of the Triffids,1981,False,—,None
Billionaire Boys Club,2018,False,—,None
Billionaire Boys Club,1987,False,—,None
Last Tango in Paris,1972,False,—,None
Smart House,1999,False,—,None
Suitable Flesh,2023,False,—,None
Running Scared,1986,True,RipItGood,Fuzzy
The Substance,2024,False,—,None
Meatballs,1979,True,TheBox,Title+Year
Meatballs: Part II,1984,False,—,None
Meatballs 4: To the Rescue,1992,False,—,None
Meatballs III: Summer Job,1986,False,—,None
Heavyweights,1995,True,"RipItGood, JeSTeRPLeX",Title+Year
Don't Let Go,2019,False,—,None
V/H/S/94,2021,False,—,None
Alien: Romulus,2024,True,RipItGood,Title+Year
Tokyo Story,1953,True,"RipItGood, TheBox, Z'Films, JeSTeRPLeX",Fuzzy
Soapdish,1991,False,—,None
Jawbreaker,1999,False,—,None
Apt Pupil,1998,False,—,None
El Topo,1970,False,—,None
Under the Cherry Moon,1986,False,—,None
Graffiti Bridge,1990,False,—,None
Edge of Darkness,2010,True,RipItGood,Title+Year
My Old Ass,2024,False,—,None
The Box,2009,True,JeSTeRPLeX,Title+Year
Courage Under Fire,1996,False,—,None
It's What's Inside,2024,False,—,None
Blink Twice,2024,False,—,None
The Howling,1981,False,—,None
Bookworm,2024,True,JeSTeRPLeX,Title+Year
Lifeforce,1985,False,—,None
Speak No Evil,2024,False,—,None
Inside Out 2,2024,True,"TheBox, JeSTeRPLeX",Title+Year
Terrifier 2,2022,False,—,None
The Apprentice,2024,True,TheBox,Title+Year
Caddo Lake,2024,True,JeSTeRPLeX,Title+Year
Saturday Night,2024,True,TheBox,Title+Year
Terrifier 3,2024,False,—,None
The Wild Robot,2024,True,"TheBox, JeSTeRPLeX",Title+Year
Conclave,2024,True,JeSTeRPLeX,Title+Year
Cuckoo,2024,True,TheBox,Title+Year
The Barber of Little Rock,2023,False,—,None
Any Given Sunday,1999,True,RipItGood,Title+Year
Harry and the Hendersons,1987,True,JeSTeRPLeX,Title+Year
Ernest Goes to Jail,1990,False,—,None
Striptease,1996,False,—,None
The Mothman Prophecies,2002,False,—,None
The House with a Clock in Its Walls,2018,True,"TheBox, JeSTeRPLeX",Title+Year
Halloween III: Season of the Witch,1982,True,TheBox,Title+Year
Till Death,2021,False,—,None
Crimes of Fashion,2004,False,—,None
Subservience,2024,True,TheBox,Title+Year
The Rainmaker,1997,False,—,None
An American Tail,1986,True,JeSTeRPLeX,Title+Year
Don't Move,2024,False,—,None
The Counselor,2013,False,—,None
Dead Man Walking,1995,False,—,None
Congo,1995,False,—,None
Monster's Ball,2001,False,—,None
Doubt,2008,False,—,None
Martha Marcy May Marlene,2011,False,—,None
Domino,2005,True,RipItGood,Title+Year
Godzilla vs. King Ghidorah,1991,False,—,None
Fascination,1979,False,—,None
Johnny Guitar,1954,False,—,None
Flash Gordon,1980,True,JeSTeRPLeX,Title+Year
The Return of Godzilla,1984,False,—,None
The Driver,1978,False,—,None
The Grey,2011,False,—,None
Dracula 2000,2000,False,—,None
Gleaming the Cube,1989,False,—,None
Angel,1984,False,—,None
Not Another Teen Movie,2001,True,RipItGood,Title+Year
The Last Showgirl,2024,False,—,None
The Thicket,2024,False,—,None
The Brutalist,2024,False,—,None
American Me,1992,False,—,None
Beverly Hills Chihuahua,2008,True,"RipItGood, JeSTeRPLeX",Title+Year
Even Cowgirls Get the Blues,1993,False,—,None
Triumph of the Spirit,1989,False,—,None
Gladiator II,2024,True,"TheBox, JeSTeRPLeX, Z'Films",Title+Year
Spider-Man: Across the Spider-Verse,2023,True,"JeSTeRPLeX, Z'Films",Title+Year
Spider-Man 3,2007,True,"JeSTeRPLeX, Z'Films",Title+Year
Twisters,2024,True,"JeSTeRPLeX, Z'Films",Title+Year
Venom,2018,True,"TheBox, JeSTeRPLeX",Title+Year
Carry-On,2024,True,"TheBox, JeSTeRPLeX, Z'Films",Title+Year
John Wick: Chapter 3 – Parabellum,2019,True,"Z'Films, JeSTeRPLeX",Fuzzy
X-Men: Days of Future Past,2014,True,"JeSTeRPLeX, Z'Films",Title+Year
Raya and the Last Dragon,2021,True,"JeSTeRPLeX, Z'Films",Title+Year
Sing,2016,True,"JeSTeRPLeX, Z'Films",Title+Year
Skincare,2024,False,—,None
Dear John,2010,True,"RipItGood, JeSTeRPLeX",Title+Year
Red Heat,1988,False,—,None
10,1979,False,—,None
Cutthroat Island,1995,True,JeSTeRPLeX,Title+Year
A Quiet Place: Day One,2024,True,JeSTeRPLeX,Title+Year
Only You,1994,False,—,None
Michael,1996,False,—,None
Shall We Dance?,2004,True,JeSTeRPLeX,Title+Year
The Intern,2015,True,JeSTeRPLeX,Title+Year
Mike and Dave Need Wedding Dates,2016,False,—,None
Lost Girls,2020,False,—,None
Phantasm,1979,False,—,None
Anora,2024,False,—,None
Invincible,2006,True,"JeSTeRPLeX, Z'Films",Title+Year
Zapped!,1982,False,—,None
Summer of Sam,1999,False,—,None
Thunderpants,2002,True,JeSTeRPLeX,Title+Year
The Monkey,2025,False,—,None
The Omen,2006,True,RipItGood,Fuzzy
The Losers,2010,True,JeSTeRPLeX,Title+Year
Foxcatcher,2014,False,—,None
Mickey 17,2025,True,TheBox,Title+Year
Novocaine,2025,False,—,None
Flow,2024,True,Z'Films,Title+Year
Trial by Fire,2018,True,"RipItGood, TheBox",Fuzzy
Deer Camp ‘86,2022,False,—,None
D.E.B.S.,2004,False,—,None
A Minecraft Movie,2025,True,"TheBox, JeSTeRPLeX, Z'Films",Title+Year
Death of a Unicorn,2025,False,—,None
Rebel Ridge,2024,False,—,None
Runaway Jury,2003,True,"RipItGood, JeSTeRPLeX",Title+Year
Rose Island,2020,False,—,None
Captain EO,1986,False,—,None
Mac and Me,1988,False,—,None
Buddy,1997,False,—,None
The Kingdom,2007,True,"RipItGood, TheBox",Title+Year
Skyline,2010,True,JeSTeRPLeX,Title+Year
Max Steel,2016,True,JeSTeRPLeX,Title+Year
Rollerball,1975,False,—,None
Act of Valor,2012,False,—,None
The Hunger Games: The Ballad of Songbirds & Snakes,2023,True,JeSTeRPLeX,Title+Year
Jennifer's Body,2009,False,—,None
Shang-Chi and the Legend of the Ten Rings,2021,True,"JeSTeRPLeX, Z'Films",Title+Year
The Hunger Games: Mockingjay – Part 1,2014,True,"RipItGood, Z'Films, JeSTeRPLeX",Fuzzy
Elvis,2022,True,JeSTeRPLeX,Title+Year
Black Panther: Wakanda Forever,2022,True,"JeSTeRPLeX, Z'Films",Title+Year
Triangle of Sadness,2022,True,TheBox,Title+Year
The Northman,2022,True,TheBox,Title+Year
The Hunger Games: Mockingjay – Part 2,2015,True,"RipItGood, Z'Films, JeSTeRPLeX",Fuzzy
Cruella,2021,True,JeSTeRPLeX,Title+Year
Booksmart,2019,False,—,None
Joker: Folie à Deux,2024,False,—,None
The Lego Movie,2014,True,"JeSTeRPLeX, Z'Films",Title+Year
Promising Young Woman,2020,True,TheBox,Title+Year
A Quiet Place Part II,2020,True,"Z'Films, JeSTeRPLeX",Fuzzy
Smile 2,2024,False,—,None
UHF,1989,True,Z'Films,Title+Year
The Shrouds,2024,False,—,None
The Beekeeper,2024,False,—,None
Social Studies,2024,False,—,None
Breakin',1984,True,RipItGood,Title+Year
Breakin' 2: Electric Boogaloo,1984,False,—,None
Heart Eyes,2025,False,—,None
Black Orpheus,1959,False,—,None
I Am Sam,2001,True,JeSTeRPLeX,Title+Year
Mudbound,2017,False,—,None
Wedding Crashers,2005,True,"RipItGood, TheBox",Title+Year
Polyester,1981,False,—,None
Dangerous Animals,2025,False,—,None
The Last Dragon,1985,True,JeSTeRPLeX,Title+Year
Jexi,2019,False,—,None
Rat Race,2001,True,RipItGood,Title+Year
The Collector,2009,False,—,None
Dual,2022,False,—,None
Tusk,2014,True,TheBox,Title+Year
Irish Wish,2024,False,—,None
Fist of Fury,1972,True,JeSTeRPLeX,Title+Year
The Way of the Dragon,1972,False,—,None
The Big Boss,1971,False,—,None
Honey Don't!,2025,False,—,None
Mission: Impossible III,2006,True,"TheBox, JeSTeRPLeX, Z'Films",Title+Year
The Pacific,2010,False,—,None
Mr. Brooks,2007,True,"RipItGood, TheBox",Title+Year
Hit Man,2023,True,TheBox,Fuzzy
A Scanner Darkly,2006,True,RipItGood,Title+Year
Charlie Bartlett,2007,True,RipItGood,Fuzzy
The Favourite,2018,False,—,None
Enemy at the Gates,2001,True,"RipItGood, JeSTeRPLeX",Title+Year
Predators,2025,False,—,None
Sunfish (& Other Stories on Green Lake),2025,False,—,None
Miller's Crossing,1990,False,—,None
Watership Down,1978,False,—,None
Lost in America,1985,False,—,None
Withnail & I,1987,False,—,None
Terminator 2: Judgment Day,1991,True,"TheBox, JeSTeRPLeX",Title+Year
Passengers,2008,True,"Z'Films, JeSTeRPLeX",Fuzzy
The Messenger,2009,True,RipItGood,Title+Year
Shivers,1975,True,TheBox,Title+Year
The Ten,2007,False,—,None
9½ Weeks,1986,False,—,None
Kes,1969,False,—,None
Rashomon,1950,False,—,None
Dead Man,1995,False,—,None
Dark Skies,2013,False,—,None
Dark Skies,1996,False,—,None
Sound and Fury,2000,False,—,None
Elvira: Mistress of the Dark,1988,True,TheBox,Title+Year
Fanboys,2009,True,JeSTeRPLeX,Title+Year
Silent Running,1972,False,—,None
Only Yesterday,1991,False,—,None
The Swimming Pool,1969,False,—,None
The Christmas Chronicles,2018,True,Z'Films,Title+Year
Benji,1974,True,JeSTeRPLeX,Fuzzy
The Towering Inferno,1974,False,—,None
The Poseidon Adventure,1972,False,—,None
The Day of the Locust,1975,False,—,None
The Man with the Golden Gun,1974,True,"RipItGood, JeSTeRPLeX",Title+Year
The Enforcer,1976,False,—,None
The Outlaw Josey Wales,1976,False,—,None
"Cornbread, Earl and Me",1975,False,—,None
Car Wash,1976,False,—,None
Blacula,1972,False,—,None
Executive Action,1973,False,—,None
Night Moves,1975,False,—,None
The Parallax View,1974,False,—,None
Shampoo,1975,False,—,None
Three Days of the Condor,1975,False,—,None
The Questor Tapes,1974,False,—,None
Zardoz,1974,False,—,None
Phase IV,1974,False,—,None
The Boys from Brazil,1978,False,—,None
Demon Seed,1977,False,—,None
Logan's Run,1976,False,—,None
Alien³,1992,True,"RipItGood, TheBox",Title+Year
